ex_id,rd_id,status,stage,name,hypothesis_summary,config_paths,result_paths,file,decision_ids,created_at_utc,updated_at_utc,novice_summary,next_action
EX-20260605T115651Z-main-BASE,RD-20260605T115651Z-main-DP00,completed,asset_inventory_completed,双池轮动基线资产盘点预注册,先把旧库和平台中与双池轮动相关的策略代码、配置、结果和研究记录盘清楚，避免在不完整事实上继续调参,不适用,01_台账/旧库迁移台账.csv;11_迁移暂存/双池轮动旧库复核队列.csv,04_实验记录/EX-20260605T115651Z-main-BASE_双池轮动基线资产盘点预注册.md,DEC-20260605T115651Z-main-DP00,2026-06-05T11:56:51Z,2026-06-05T12:00:00Z,旧库资料已迁入新库，但结论仍需复核后才能采纳,按双池轮动旧库复核队列逐条复核实验和决策
EX-20260606T134047Z-main-HPHZ,RD-20260605T115651Z-main-DP00,active,route_preregistered_first_wave_executed_qk38_5kzw_failed,五方向接手证据映射与首轮路线预注册,把用户提出的多周期动量、动量崩盘、波动率仓位、TopN抗抖和资产属性分层拆成可审计研究队列，避免混合调参无法归因,configs/research/R010-A23/state_tier_hot_budget/;configs/v2_migrate_etf_dual_pool_momentum_topn_hold.json;configs/research/R20260521-001/;configs/research/R010-MULTI/EX-20260606T185537Z-main-5KZW/formal/;configs/research/R010-A24/commodity_tail_drawdown_allow/EX-20260606T201735Z-main-QK38/formal/,results/v2/research/R010-A18/asset_class_label_audit/;results/v2/research/R010-A16/hot_state_panel/;results/v2/research/R010-A23/state_tier_hot_budget/attribution/full_robustness/;results/v2/research/RD-20260605T115651Z-main-CORE/EX-20260606T012550Z-main-LM3D/;results/v2/research/R010-TOPN/EX-20260606T140752Z-main-TC8U/summary/;results/v2/research/R010-TOPN/EX-20260606T140752Z-main-TC8U/summary_cost2x_slip2bps/;results/v2/research/R010-TOPN/EX-20260606T140752Z-main-TC8U/summary_cost2x_commission/;results/v2/research/R010-A18/asset_class_label_audit/readonly_extension/EX-20260606T140753Z-main-WXMD/;results/v2/research/R010-A18/asset_state_interactions/EX-20260606T200545Z-main-GCHV/;results/v2/research/R010-A24/commodity_tail_drawdown_allow/EX-20260606T201735Z-main-QK38/summary/formal/;results/v2/research/R010-A16/momentum_crash_state_readonly/EX-20260606T183604Z-main-7YDQ/;results/v2/research/R010-A16/market_crash_rebound_readonly/EX-20260606T194733Z-main-MFNT/;results/v2/research/R010-MULTI/EX-20260606T185537Z-main-5KZW/summary/formal/;results/v2/research/R010-VOL/EX-20260606T191019Z-main-G4NN/;results/v2/research/R010-VOL/EX-20260606T191831Z-main-GWH9/;results/v2/research/R010-VOL/EX-20260606T193056Z-main-XA5G/,04_实验记录/EX-20260606T134047Z-main-HPHZ_五方向接手证据映射与首轮路线预注册.md,,2026-06-06T13:40:47Z,2026-06-07T08:17:30Z,首轮已推进多项：TopN降交易且成本扰动子集完成但不promote；资产标签不能直接交易化；商品尾部回撤只读种子已被QK38 8/8 formal证伪；目标ETF和近端宽基crash rebound标签均不能seed formal；宽基波动率缩放被反证；B5暂不formal；多周期确认5KZW 16/16 formal完成但三个候选均未通过门槛,5KZW关闭直接替代路线；TC8U转随机延迟/冷却期负控与2024事件归因；QK38关闭不扩代码或阈值；动量崩盘暂停除非另开全历史/组合层面板；波动率仓位暂停除非另开静态cap或滞后负控；A23转事件归因和成本换手约束版本
EX-20260606T140752Z-main-TC8U,RD-20260605T115651Z-main-EXE0,completed,formal_delay_negative_control_strict_20of20_no_promote,TopN抗抖换仓formal AB预注册,当前持仓仍在Top3/Top5且分数未明显落后时继续持有，检验是否减少无意义换仓而不明显错过趋势,configs/research/R010-TOPN/EX-20260606T140752Z-main-TC8U/formal/;configs/research/R010-TOPN/EX-20260606T140752Z-main-TC8U/formal_cost2x_slip2bps/;configs/research/R010-TOPN/EX-20260606T140752Z-main-TC8U/formal_cost2x_commission/;configs/research/R010-TOPN/EX-20260606T140752Z-main-TC8U/formal_delay_negative_control/,results/v2/research/R010-TOPN/EX-20260606T140752Z-main-TC8U/formal/;results/v2/research/R010-TOPN/EX-20260606T140752Z-main-TC8U/summary/;results/v2/research/R010-TOPN/EX-20260606T140752Z-main-TC8U/summary_cost2x_slip2bps/;results/v2/research/R010-TOPN/EX-20260606T140752Z-main-TC8U/summary_cost2x_commission/;results/v2/research/R010-TOPN/EX-20260606T140752Z-main-TC8U/formal_delay_negative_control/;results/v2/research/R010-TOPN/EX-20260606T140752Z-main-TC8U/summary_delay_negative_control/,04_实验记录/EX-20260606T140752Z-main-TC8U_TopN抗抖换仓formal AB预注册.md,DEC-20260607T095915Z-main-BP3L,2026-06-06T14:07:52Z,2026-06-07T12:49:18Z,base-cost formal 20/20完成；两类成本子集各12/12完成。formal_delay_negative_control 20/20 strict完成，random50合计final多88976.39；top3_gap_confirm1_veto只有1/4 final不低且合计final少69701.83。,不promote、不改hard5/A23；不扩大TopN网格、seed、概率或冷却期；若继续方向4，必须新开换仓确认机制预注册，A23组合交互另开实验
EX-20260606T140753Z-main-WXMD,RD-20260605T133318Z-main-H6V3,active,readonly_diagnostic_completed_direct_asset_label_rejected,资产属性分层扩展诊断与负控,把A18资产标签与A16状态面板合并，并用随机标签和合并标签负控检验资产属性是否可直接交易化,scripts/research/analyze_wxmd_asset_class_readonly_extension.py,results/v2/research/R010-A18/asset_class_label_audit/readonly_extension/EX-20260606T140753Z-main-WXMD/,04_实验记录/EX-20260606T140753Z-main-WXMD_资产属性分层扩展诊断与负控.md,,2026-06-06T14:07:53Z,2026-06-06T18:35:00Z,真实资产标签H10离散度未强于随机标签，p_upper约0.93；资产类不能单独交易化，只能作为状态诊断维度,停止资产类单独放行/降仓formal；后续只做资产属性×状态变量的少量预注册组合
EX-20260607T024332Z-main-UC3P,RD-20260603T000000Z-mig-HD5EEBAA8D5EEB,completed,completed_revise_not_live_ready,变种小狮子涨停基因小市值完整验证,验证历史涨停基因和启动点排序是否在小市值中有独立增量，并审计停牌误判、退市风险、负控、成本扰动和市场环境,configs/research/RD-20260603T000000Z-mig-HD5EEBAA8D5EEB/EX-20260607T024332Z-main-UC3P/validation.json;scripts/research/validate_lion_limit_gene_smallcap.py,results/v2/research/RD-20260603T000000Z-mig-HD5EEBAA8D5EEB/EX-20260607T024332Z-main-UC3P/,04_实验记录/EX-20260607T024332Z-main-UC3P_变种小狮子涨停基因小市值完整验证.md,DEC-20260607T032202Z-main-NQHF,2026-06-07T02:43:32Z,2026-06-07T03:22:00Z,涨停基因比纯小市值强，但原启动点排序弱于简单涨停次数，回撤和负控不支持实盘,新建涨停次数主线、低换手延迟确认、环境门控、退市容量过滤和分钟级执行复刻实验
EX-20260521T000000Z-mig-R2026052100171186,RD-20260605T115651Z-main-DP00,migrated_unverified,legacy_raw,R20260521-001 ETF双池波动率缩放仓位,旧库机械迁移，待复核,configs/research/R20260521-001/,results/v2/research/R20260521-001/,04_实验记录/EX-20260521T000000Z-mig-R2026052100171186_R20260521-001ETF双池波动率缩放仓位.md,,2026-06-05T12:00:00Z,2026-06-05T12:00:00Z,旧库迁移记录，不能直接作为新库有效结论,按新库研究质量审计规范复核
EX-20260521T000000Z-mig-R20260521002E8F95,RD-20260605T115651Z-main-DP00,migrated_unverified,legacy_raw,R20260521-002 ETF双池条件触发波动率风控,旧库机械迁移，待复核,configs/research/R20260521-002/,results/v2/research/R20260521-002/,04_实验记录/EX-20260521T000000Z-mig-R20260521002E8F95_R20260521-002ETF双池条件触发波动率风控.md,,2026-06-05T12:00:00Z,2026-06-05T12:00:00Z,旧库迁移记录，不能直接作为新库有效结论,按新库研究质量审计规范复核
EX-20260521T000000Z-mig-R2026052100335636,RD-20260605T115651Z-main-DP00,migrated_unverified,legacy_raw,R20260521-003 ETF双池目标ETF自身急跌风控,旧库机械迁移，待复核,configs/research/R20260521-003/,results/v2/research/R20260521-003/,04_实验记录/EX-20260521T000000Z-mig-R2026052100335636_R20260521-003ETF双池目标ETF自身急跌风控.md,,2026-06-05T12:00:00Z,2026-06-05T12:00:00Z,旧库迁移记录，不能直接作为新库有效结论,按新库研究质量审计规范复核
EX-20260521T000000Z-mig-R202605210046E43A,RD-20260605T115651Z-main-DP00,migrated_unverified,legacy_raw,R20260521-004 ETF双池自身急跌排序惩罚,旧库机械迁移，待复核,configs/research/R20260521-004/,results/v2/research/R20260521-004/,04_实验记录/EX-20260521T000000Z-mig-R202605210046E43A_R20260521-004ETF双池自身急跌排序惩罚.md,,2026-06-05T12:00:00Z,2026-06-05T12:00:00Z,旧库迁移记录，不能直接作为新库有效结论,按新库研究质量审计规范复核
EX-20260521T000000Z-mig-R20260521005BE7AC,RD-20260605T115651Z-main-DP00,migrated_unverified,legacy_raw,R20260521-005 ETF双池Top5绝对动量准入防守,旧库机械迁移，待复核,configs/research/R20260521-005/,results/v2/research/R20260521-005/,04_实验记录/EX-20260521T000000Z-mig-R20260521005BE7AC_R20260521-005ETF双池Top5绝对动量准入防守.md,,2026-06-05T12:00:00Z,2026-06-05T12:00:00Z,旧库迁移记录，不能直接作为新库有效结论,按新库研究质量审计规范复核
EX-20260521T000000Z-mig-R202605210069BE6D,RD-20260605T115651Z-main-DP00,migrated_unverified,legacy_raw,R20260521-006 ETF双池动量质量因子准入,旧库机械迁移，待复核,configs/research/R20260521-006/,results/v2/research/R20260521-006/,04_实验记录/EX-20260521T000000Z-mig-R202605210069BE6D_R20260521-006ETF双池动量质量因子准入.md,,2026-06-05T12:00:00Z,2026-06-05T12:00:00Z,旧库迁移记录，不能直接作为新库有效结论,按新库研究质量审计规范复核
EX-20260521T000000Z-mig-R20260521006GOV174B0,RD-20260605T115651Z-main-DP00,migrated_unverified,legacy_raw,I20260521-007 动量质量因子准入,旧库机械迁移，待复核,N/A,N/A,04_实验记录/EX-20260521T000000Z-mig-R20260521006GOV174B0_I20260521-007动量质量因子准入.md,,2026-06-05T12:00:00Z,2026-06-05T12:00:00Z,旧库迁移记录，不能直接作为新库有效结论,按新库研究质量审计规范复核
EX-20260521T000000Z-mig-R20260521007B9B96,RD-20260605T115651Z-main-DP00,migrated_unverified,legacy_raw,R20260521-007 平滑上涨参数稳定性与样本外验证,旧库机械迁移，待复核,configs/research/R20260521-007/,results/v2/research/R20260521-007/,04_实验记录/EX-20260521T000000Z-mig-R20260521007B9B96_R20260521-007平滑上涨参数稳定性与样本外验证.md,,2026-06-05T12:00:00Z,2026-06-05T12:00:00Z,旧库迁移记录，不能直接作为新库有效结论,按新库研究质量审计规范复核
EX-20260521T000000Z-mig-R20260521008A7A63,RD-20260605T115651Z-main-DP00,migrated_unverified,legacy_raw,R20260521-008 平滑上涨 w80/q045 多周期样本外验证,旧库机械迁移，待复核,configs/research/R20260521-008/,results/v2/research/R20260521-008/,04_实验记录/EX-20260521T000000Z-mig-R20260521008A7A63_R20260521-008平滑上涨w80q045多周期样本外验证.md,,2026-06-05T12:00:00Z,2026-06-05T12:00:00Z,旧库迁移记录，不能直接作为新库有效结论,按新库研究质量审计规范复核
EX-20260521T000000Z-mig-R20260521009CE522,RD-20260605T115651Z-main-DP00,migrated_unverified,legacy_raw,R20260521-009 平滑上涨软排序实验,旧库机械迁移，待复核,configs/research/R20260521-009/,results/v2/research/R20260521-009/,04_实验记录/EX-20260521T000000Z-mig-R20260521009CE522_R20260521-009平滑上涨软排序实验.md,,2026-06-05T12:00:00Z,2026-06-05T12:00:00Z,旧库迁移记录，不能直接作为新库有效结论,按新库研究质量审计规范复核
EX-20260522T000000Z-mig-R20260522010691E3,RD-20260605T115651Z-main-DP00,migrated_unverified,legacy_raw,R20260522-010 ETF双池轮动适用市场环境归因,旧库机械迁移，待复核,configs/research/R20260521-009/,results/v2/research/R20260521-009/,04_实验记录/EX-20260522T000000Z-mig-R20260522010691E3_R20260522-010ETF双池轮动适用市场环境归因.md,,2026-06-05T12:00:00Z,2026-06-05T12:00:00Z,旧库迁移记录，不能直接作为新库有效结论,按新库研究质量审计规范复核
EX-20260522T000000Z-mig-R202605220118C2A9,RD-20260605T115651Z-main-DP00,migrated_unverified,legacy_raw,R20260522-011 市场状态识别文献库与 R010 设计,旧库机械迁移，待复核,N/A,N/A,04_实验记录/EX-20260522T000000Z-mig-R202605220118C2A9_R20260522-011市场状态识别文献库与R010设计.md,,2026-06-05T12:00:00Z,2026-06-05T12:00:00Z,旧库迁移记录，不能直接作为新库有效结论,按新库研究质量审计规范复核
EX-20260522T000000Z-mig-R202605220127CB6E,RD-20260605T115651Z-main-DP00,migrated_unverified,legacy_raw,R20260522-012 市场状态识别方法库建设,旧库机械迁移，待复核,N/A,N/A,04_实验记录/EX-20260522T000000Z-mig-R202605220127CB6E_R20260522-012市场状态识别方法库建设.md,,2026-06-05T12:00:00Z,2026-06-05T12:00:00Z,旧库迁移记录，不能直接作为新库有效结论,按新库研究质量审计规范复核
EX-20260523T000000Z-mig-R202605230131EEE2,RD-20260605T115651Z-main-DP00,migrated_unverified,legacy_raw,R20260523-013 R010-A市场状态识别规格书与接口设计,旧库机械迁移，待复核,N/A,N/A,04_实验记录/EX-20260523T000000Z-mig-R202605230131EEE2_R20260523-013R010-A市场状态识别规格书与接口设计.md,,2026-06-05T12:00:00Z,2026-06-05T12:00:00Z,旧库迁移记录，不能直接作为新库有效结论,按新库研究质量审计规范复核
EX-20260529T000000Z-mig-R202605290143E871,RD-20260605T115651Z-main-DP00,migrated_unverified,legacy_raw,R20260529-014 ETF双池全向防阴跌模块初测,旧库机械迁移，待复核,configs/v2_migrate_etf_dual_pool_all_weather_bear_defense_20200101_20260519.json,results/v2/research/R20260529-ETF-bear-defense/,04_实验记录/EX-20260529T000000Z-mig-R202605290143E871_R20260529-014ETF双池全向防阴跌模块初测.md,,2026-06-05T12:00:00Z,2026-06-05T12:00:00Z,旧库迁移记录，不能直接作为新库有效结论,按新库研究质量审计规范复核
EX-20260530T000000Z-mig-R20260530015AD411,RD-20260605T115651Z-main-DP00,migrated_unverified,legacy_raw,R20260530-015 原策略阴跌v2二元KillSwitch复现 — KILL,旧库机械迁移，待复核,configs/research/R20260530-015/,results/v2/research/R20260530-015/,04_实验记录/EX-20260530T000000Z-mig-R20260530015AD411_R20260530-015原策略阴跌v2二元KillSwitch复现—KILL.md,,2026-06-05T12:00:00Z,2026-06-05T12:00:00Z,旧库迁移记录，不能直接作为新库有效结论,按新库研究质量审计规范复核
EX-20260530T000000Z-mig-R202605300163B929,RD-20260605T115651Z-main-DP00,migrated_unverified,legacy_raw,R20260530-016 R010-A 市场状态日志首轮实现,旧库机械迁移，待复核,configs/research/R010-A/,results/v2/research/R010-A/,04_实验记录/EX-20260530T000000Z-mig-R202605300163B929_R20260530-016R010-A市场状态日志首轮实现.md,,2026-06-05T12:00:00Z,2026-06-05T12:00:00Z,旧库迁移记录，不能直接作为新库有效结论,按新库研究质量审计规范复核
EX-20260530T000000Z-mig-R20260530017F49CB,RD-20260605T115651Z-main-DP00,migrated_unverified,legacy_raw,R20260530-017 ETF双池Top5绝对动量2022复核,旧库机械迁移，待复核,configs/research/R20260530-017/,results/v2/research/R20260530-017/,04_实验记录/EX-20260530T000000Z-mig-R20260530017F49CB_R20260530-017ETF双池Top5绝对动量2022复核.md,,2026-06-05T12:00:00Z,2026-06-05T12:00:00Z,旧库迁移记录，不能直接作为新库有效结论,按新库研究质量审计规范复核
EX-20260530T000000Z-mig-R20260530018AF185,RD-20260605T115651Z-main-DP00,migrated_unverified,legacy_raw,R20260530-018 ETF双池回撤归因与防守触发源分析,旧库机械迁移，待复核,configs/research/R20260530-015/,results/v2/research/R20260530-018/,04_实验记录/EX-20260530T000000Z-mig-R20260530018AF185_R20260530-018ETF双池回撤归因与防守触发源分析.md,,2026-06-05T12:00:00Z,2026-06-05T12:00:00Z,旧库迁移记录，不能直接作为新库有效结论,按新库研究质量审计规范复核
EX-20260530T000000Z-mig-R2026053001929DC0,RD-20260605T115651Z-main-DP00,migrated_unverified,legacy_raw,R20260530-019 ETF双池池内动量衰竭状态日志,旧库机械迁移，待复核,configs/research/R20260530-019/,results/v2/research/R20260530-019/,04_实验记录/EX-20260530T000000Z-mig-R2026053001929DC0_R20260530-019ETF双池池内动量衰竭状态日志.md,,2026-06-05T12:00:00Z,2026-06-05T12:00:00Z,旧库迁移记录，不能直接作为新库有效结论,按新库研究质量审计规范复核
EX-20260530T000000Z-mig-R20260530020B9CD4,RD-20260605T115651Z-main-DP00,migrated_unverified,legacy_raw,R20260530-020 R010B分级防守动作日志实现,旧库机械迁移，待复核,configs/research/R010-B/,results/v2/research/R010-B/split_action_log/merged/,04_实验记录/EX-20260530T000000Z-mig-R20260530020B9CD4_R20260530-020R010B分级防守动作日志实现.md,,2026-06-05T12:00:00Z,2026-06-05T12:00:00Z,旧库迁移记录，不能直接作为新库有效结论,按新库研究质量审计规范复核
EX-20260530T000000Z-mig-R20260530020A41379,RD-20260605T115651Z-main-DP00,migrated_unverified,legacy_raw,R010-B 分段恢复记录,旧库机械迁移，待复核,configs/research/R010-B/,results/v2/research/R010-B/,04_实验记录/EX-20260530T000000Z-mig-R20260530020A41379_R010-B分段恢复记录.md,,2026-06-05T12:00:00Z,2026-06-05T12:00:00Z,旧库迁移记录，不能直接作为新库有效结论,按新库研究质量审计规范复核
EX-20260530T000000Z-mig-R20260530021A0513,RD-20260605T115651Z-main-DP00,migrated_unverified,legacy_raw,R20260530-021 R010B1动作消融首轮实现,旧库机械迁移，待复核,configs/research/R010-B1/,results/v2/research/R010-B1/; results/v2/research/R010-B2/a2_env_gate_avg046_split_analysis/; results/v2/research/R010-B2/a2_slope_threshold_2024_compare/; results/v2/research/R010-B2/a2_slope004_split_compare/; results/v2/research/R010-B2/a2_relative_slope004_residual_analysis/; results/v2/research/R010-B2/a2_slope004_new_leader_confirmation_analysis/; results/v2/research/R010-B2/a2_second_level_gate_audit/; results/v2/research/R010-B2/a2_env_relative_slope004_strict_2024/; results/v2/research/R010-B2/a2_env_relative_slope005_2024/; results/v2/research/R010-B3/filter_shadow_a2_slope003_2024_audit/; results/v2/research/R010-B3/b3_drawdown_coverage_a2_slope004/; results/v2/research/R010-B3/b3_all_weak_overlay_a2_slope004/; results/v2/research/R010-B3/b3_all_weak_formal_2024_compare/; results/v2/research/R010-B3/all_weak_cap_split_analysis_preview/; results/v2/research/R010-B3/r026_confirmation_layer_preview/; results/v2/research/R010-B3/cap90_promotion_audit/; results/v2/research/R010-B3/combined_candidate_spec_audit/; results/v2/research/R010-B3/live_strategy_audit/; results/v2/research/R20260531-026/b3_cap90_missed_windows/; results/v2/research/R20260531-026/b3_cap90_strength_switch/; results/v2/research/R20260531-026/b3_strength_switch_harm/; results/v2/research/R010-B3/all_weak_persist_limited2_cap80_analysis/; results/v2/research/R010-B3/all_weak_persist_limited2_cap80_analysis/preregistered_gate_audit/; results/v2/research/R010-B3/all_weak_persist_limited2_gate_median_or_breadth_cap80_2024/; results/v2/research/R010-B3/all_weak_persist_limited2_gate_median_or_breadth_cap80_analysis/; results/v2/research/R010-B3/gate_candidate_config_audit/; results/v2/research/R010-B3/gate_live_mapping_audit/; results/v2/research/R010-B3/gate_live_observation/,04_实验记录/EX-20260530T000000Z-mig-R20260530021A0513_R20260530-021R010B1动作消融首轮实现.md,,2026-06-05T12:00:00Z,2026-06-05T12:00:00Z,旧库迁移记录，不能直接作为新库有效结论,按新库研究质量审计规范复核
EX-20260531T000000Z-mig-R20260531022FBCDE,RD-20260605T115651Z-main-DP00,reviewed_observe_log_only,L1_readonly_legacy_review,R20260531-022 R010C动作启动信号诊断与重构,旧库R010-C动作启动信号经ARBE复核后仅支持日志层诊断，不支持交易化,N/A,results/v2/research/R010-C/,04_实验记录/EX-20260531T000000Z-mig-R20260531022FBCDE_R20260531-022R010C动作启动信号诊断与重构.md,DEC-20260608T003551Z-main-DYSF,2026-06-05T12:00:00Z,2026-06-08T00:40:30Z,R010-C能解释A0/A2部分失败样本，但A2样本外lift为负，不能直接当交易启动信号,引用EX-20260608T003333Z-main-ARBE；若继续需新开A1/A2/B3/tiered动作实验
EX-20260531T000000Z-mig-R20260531023034D3,RD-20260605T115651Z-main-DP00,reviewed_observe_log_only,L1_readonly_legacy_review,R20260531-023 R010C1 A0失速预警日志层首轮,旧库R010-C1 A0失速预警经ARBE复核后仅支持日志层观察，不支持降仓或切防御,scripts/research/analyze_r010c1_a0_exhaustion_watch.py; scripts/research/analyze_r010c1_warning_lead_lag.py,results/v2/research/R010-C1/a0_exhaustion_watch_audit/; results/v2/research/R010-C1/warning_lead_lag_audit/; results/v2/research/R010-C1/drawdown_coverage_audit/,04_实验记录/EX-20260531T000000Z-mig-R20260531023034D3_R20260531-023R010C1A0失速预警日志层首轮.md,DEC-20260608T003551Z-main-DYSF,2026-06-05T12:00:00Z,2026-06-08T00:40:30Z,C1 watch/strong分别80/11天，但-15%回撤窗口提前覆盖仅19.05%，2024覆盖为0,保留r010c1_*为日志字段；不得直接交易化
EX-20260531T000000Z-mig-R202605310243C468,RD-20260605T115651Z-main-DP00,migrated_unverified,legacy_raw,R20260531-024 R010D A1风险层启动方式重估,旧库机械迁移，待复核,scripts/research/analyze_r010d_action_ablation_2024.py,results/v2/research/R010-D/action_ablation_2024_summary/,04_实验记录/EX-20260531T000000Z-mig-R202605310243C468_R20260531-024R010DA1风险层启动方式重估.md,,2026-06-05T12:00:00Z,2026-06-05T12:00:00Z,旧库迁移记录，不能直接作为新库有效结论,按新库研究质量审计规范复核
EX-20260531T000000Z-mig-R20260531025E9D88,RD-20260605T115651Z-main-DP00,migrated_unverified,legacy_raw,R20260531-025 R010E条件抗抖首轮,旧库机械迁移，待复核,configs/research/R010-E/,results/v2/research/R010-E/,04_实验记录/EX-20260531T000000Z-mig-R20260531025E9D88_R20260531-025R010E条件抗抖首轮.md,,2026-06-05T12:00:00Z,2026-06-05T12:00:00Z,旧库迁移记录，不能直接作为新库有效结论,按新库研究质量审计规范复核
EX-20260601T000000Z-mig-R20260601027BA5D5,RD-20260605T115651Z-main-DP00,migrated_unverified,legacy_raw,R20260601-027 R026B-light-cap90离线实验预注册,旧库机械迁移，待复核,configs/research/R20260601-027/,results/v2/research/R20260601-027/,04_实验记录/EX-20260601T000000Z-mig-R20260601027BA5D5_R20260601-027R026B-light-cap90离线实验预注册.md,,2026-06-05T12:00:00Z,2026-06-05T12:00:00Z,旧库迁移记录，不能直接作为新库有效结论,按新库研究质量审计规范复核
EX-20260601T000000Z-mig-R2026060102845A88,RD-20260605T115651Z-main-DP00,migrated_unverified,legacy_raw,R20260601-028 B3-gate误拦截Top1斜率放松预注册,旧库机械迁移，待复核,configs/research/R20260601-028/,results/v2/research/R20260601-028/,04_实验记录/EX-20260601T000000Z-mig-R2026060102845A88_R20260601-028B3-gate误拦截Top1斜率放松预注册.md,,2026-06-05T12:00:00Z,2026-06-05T12:00:00Z,旧库迁移记录，不能直接作为新库有效结论,按新库研究质量审计规范复核
EX-20260601T000000Z-mig-R20260601028R010B405D28,RD-20260605T115651Z-main-DP00,migrated_unverified,legacy_raw,R20260601-028 R010B4 B3Gate强度分层研究,旧库机械迁移，待复核,configs/research/R010-B4/,results/v2/research/R010-B4/,04_实验记录/EX-20260601T000000Z-mig-R20260601028R010B405D28_R20260601-028R010B4B3Gate强度分层研究.md,,2026-06-05T12:00:00Z,2026-06-05T12:00:00Z,旧库迁移记录，不能直接作为新库有效结论,按新库研究质量审计规范复核
EX-20260601T000000Z-mig-R20260601029R010B4TIEREDBD1A7,RD-20260605T115651Z-main-DP00,migrated_unverified,legacy_raw,R20260601-029 R010B4 B3Gate强度分层TieredV2预注册,旧库机械迁移，待复核,configs/research/R010-B4/,results/v2/research/R010-B4/tiered_v2_split_summary/,04_实验记录/EX-20260601T000000Z-mig-R20260601029R010B4TIEREDBD1A7_R20260601-029R010B4B3Gate强度分层TieredV2预注册.md,,2026-06-05T12:00:00Z,2026-06-05T12:00:00Z,旧库迁移记录，不能直接作为新库有效结论,按新库研究质量审计规范复核
EX-20260602T000000Z-mig-R20260602030R020A2021GAPEE638,RD-20260605T115651Z-main-DP00,migrated_unverified,legacy_raw,R20260602-030 R020A 2021慢性失速只读标签审计,旧库机械迁移，待复核,N/A,results/v2/research/R020/2021_gap_watch_label_audit/,04_实验记录/EX-20260602T000000Z-mig-R20260602030R020A2021GAPEE638_R20260602-030R020A2021慢性失速只读标签审计.md,,2026-06-05T12:00:00Z,2026-06-05T12:00:00Z,旧库迁移记录，不能直接作为新库有效结论,按新库研究质量审计规范复核
EX-20260602T000000Z-mig-R20260602031R020AWATCHLA58A1D,RD-20260605T115651Z-main-DP00,migrated_unverified,legacy_raw,R20260602-031 R020A 只读标签独立窗口外推审计,旧库机械迁移，待复核,N/A,results/v2/research/R020/2021_gap_watch_label_oos_windows/,04_实验记录/EX-20260602T000000Z-mig-R20260602031R020AWATCHLA58A1D_R20260602-031R020A只读标签独立窗口外推审计.md,,2026-06-05T12:00:00Z,2026-06-05T12:00:00Z,旧库迁移记录，不能直接作为新库有效结论,按新库研究质量审计规范复核
EX-20260602T000000Z-mig-R20260602032R020BSINGLEL341C9,RD-20260605T115651Z-main-DP00,migrated_unverified,legacy_raw,R20260602-032 R020B 单项只读标签拆解与触发器边界,旧库机械迁移，待复核,N/A,results/v2/research/R020/single_label_decomposition/,04_实验记录/EX-20260602T000000Z-mig-R20260602032R020BSINGLEL341C9_R20260602-032R020B单项只读标签拆解与触发器边界.md,,2026-06-05T12:00:00Z,2026-06-05T12:00:00Z,旧库迁移记录，不能直接作为新库有效结论,按新库研究质量审计规范复核
EX-20260602T000000Z-mig-R20260602033R010B2A2SECO816D2,RD-20260605T115651Z-main-DP00,migrated_unverified,legacy_raw,R20260602-033 R010B2 A2二级观察门控稳定性复核,旧库机械迁移，待复核,N/A,results/v2/research/R010-B2/a2_second_level_gate_stability_audit/,04_实验记录/EX-20260602T000000Z-mig-R20260602033R010B2A2SECO816D2_R20260602-033R010B2A2二级观察门控稳定性复核.md,,2026-06-05T12:00:00Z,2026-06-05T12:00:00Z,旧库迁移记录，不能直接作为新库有效结论,按新库研究质量审计规范复核
EX-20260602T000000Z-mig-R20260602034M001MULTISTR23132,RD-20260605T115651Z-main-DP00,migrated_unverified,legacy_raw,R20260602-034 M001 多策略状态归因输入清单审计,旧库机械迁移，待复核,N/A,results/v2/research/MULTI-STATE-ATTRIBUTION/input_inventory/,04_实验记录/EX-20260602T000000Z-mig-R20260602034M001MULTISTR23132_R20260602-034M001多策略状态归因输入清单审计.md,,2026-06-05T12:00:00Z,2026-06-05T12:00:00Z,旧库迁移记录，不能直接作为新库有效结论,按新库研究质量审计规范复核
EX-20260602T000000Z-mig-R20260602035M002ETFFAMILC9A62,RD-20260605T115651Z-main-DP00,migrated_unverified,legacy_raw,R20260602-035 M002 ETF族状态归因首轮,旧库机械迁移，待复核,N/A,results/v2/research/MULTI-STATE-ATTRIBUTION/etf_family_state_attribution/,04_实验记录/EX-20260602T000000Z-mig-R20260602035M002ETFFAMILC9A62_R20260602-035M002ETF族状态归因首轮.md,,2026-06-05T12:00:00Z,2026-06-05T12:00:00Z,旧库迁移记录，不能直接作为新库有效结论,按新库研究质量审计规范复核
EX-20260602T000000Z-mig-R20260602036M003NONETFEQ9CBB6,RD-20260605T115651Z-main-DP00,migrated_unverified,legacy_raw,R20260602-036 M003 非ETF可比净值候选发现审计,旧库机械迁移，待复核,N/A,results/v2/research/MULTI-STATE-ATTRIBUTION/non_etf_equity_discovery/,04_实验记录/EX-20260602T000000Z-mig-R20260602036M003NONETFEQ9CBB6_R20260602-036M003非ETF可比净值候选发现审计.md,,2026-06-05T12:00:00Z,2026-06-05T12:00:00Z,旧库迁移记录，不能直接作为新库有效结论,按新库研究质量审计规范复核
EX-20260602T000000Z-mig-R20260602037M004NONETFFUAE5C7,RD-20260605T115651Z-main-DP00,migrated_unverified,legacy_raw,R20260602-037 M004 非ETF全周期基准净值补齐预注册,旧库机械迁移，待复核,configs/research/M004-non-etf-baselines/,results/v2/research/MULTI-STATE-ATTRIBUTION/non_etf_full_cycle_baselines/,04_实验记录/EX-20260602T000000Z-mig-R20260602037M004NONETFFUAE5C7_R20260602-037M004非ETF全周期基准净值补齐预注册.md,,2026-06-05T12:00:00Z,2026-06-05T12:00:00Z,旧库迁移记录，不能直接作为新库有效结论,按新库研究质量审计规范复核
EX-20260602T000000Z-mig-R20260602038M004SMALLCAPBA40D,RD-20260605T115651Z-main-DP00,migrated_unverified,legacy_raw,R20260602-038 M004 小市值四段长测预注册,旧库机械迁移，待复核,configs/research/M004-non-etf-baselines/split/,results/v2/research/MULTI-STATE-ATTRIBUTION/non_etf_full_cycle_baselines/small_cap_t0_split/,04_实验记录/EX-20260602T000000Z-mig-R20260602038M004SMALLCAPBA40D_R20260602-038M004小市值四段长测预注册.md,,2026-06-05T12:00:00Z,2026-06-05T12:00:00Z,旧库迁移记录，不能直接作为新库有效结论,按新库研究质量审计规范复核
EX-20260602T000000Z-mig-R20260602039M004SMALLCAP49B5A,RD-20260605T115651Z-main-DP00,migrated_unverified,legacy_raw,R20260602-039 M004 小市值状态归因预注册,旧库机械迁移，待复核,N/A,results/v2/research/MULTI-STATE-ATTRIBUTION/small_cap_state_attribution/,04_实验记录/EX-20260602T000000Z-mig-R20260602039M004SMALLCAP49B5A_R20260602-039M004小市值状态归因预注册.md,,2026-06-05T12:00:00Z,2026-06-05T12:00:00Z,旧库迁移记录，不能直接作为新库有效结论,按新库研究质量审计规范复核
EX-20260602T000000Z-mig-R20260602040M005SMALLCAP06C5C,RD-20260605T115651Z-main-DP00,migrated_unverified,legacy_raw,R20260602-040 M005 小盘专用状态标签预注册,旧库机械迁移，待复核,N/A,results/v2/research/MULTI-STATE-ATTRIBUTION/small_cap_specific_state_labels/,04_实验记录/EX-20260602T000000Z-mig-R20260602040M005SMALLCAP06C5C_R20260602-040M005小盘专用状态标签预注册.md,,2026-06-05T12:00:00Z,2026-06-05T12:00:00Z,旧库迁移记录，不能直接作为新库有效结论,按新库研究质量审计规范复核
EX-20260602T000000Z-mig-R20260602041M006SMALLCAP55C41,RD-20260605T115651Z-main-DP00,migrated_unverified,legacy_raw,R20260602-041 M006 小盘 SchemaOnly 指标只读覆盖率审计预注册与首轮完成,旧库机械迁移，待复核,N/A,results/v2/research/MULTI-STATE-ATTRIBUTION/small_cap_schema_only_coverage_audit/,04_实验记录/EX-20260602T000000Z-mig-R20260602041M006SMALLCAP55C41_R20260602-041M006小盘SchemaOnly指标只读覆盖率审计预注册与首轮完成.md,,2026-06-05T12:00:00Z,2026-06-05T12:00:00Z,旧库迁移记录，不能直接作为新库有效结论,按新库研究质量审计规范复核
EX-20260602T000000Z-mig-R20260602042M007SMALLCAP316A0,RD-20260605T115651Z-main-DP00,migrated_unverified,legacy_raw,R20260602-042 M007 小盘专用状态标签构造与 R039 面板归因预注册,旧库机械迁移，待复核,N/A,results/v2/research/MULTI-STATE-ATTRIBUTION/small_cap_label_panel_attribution/,04_实验记录/EX-20260602T000000Z-mig-R20260602042M007SMALLCAP316A0_R20260602-042M007小盘专用状态标签构造与R039面板归因预注册.md,,2026-06-05T12:00:00Z,2026-06-05T12:00:00Z,旧库迁移记录，不能直接作为新库有效结论,按新库研究质量审计规范复核
EX-20260602T000000Z-mig-R20260602043R010B579B9A,RD-20260605T115651Z-main-DP00,migrated_unverified,legacy_raw,R20260602-043 R010B5 组合回撤预算动态缩放预注册与代理审计,旧库机械迁移，待复核,configs/research/R010-B5/r010b5_drawdown_budget_overlay_proxy_v1.json,results/v2/research/R010-B5/drawdown_budget_overlay_proxy_v1/,04_实验记录/EX-20260602T000000Z-mig-R20260602043R010B579B9A_R20260602-043R010B5组合回撤预算动态缩放预注册与代理审计.md,,2026-06-05T12:00:00Z,2026-06-05T12:00:00Z,旧库迁移记录，不能直接作为新库有效结论,按新库研究质量审计规范复核
EX-20260602T000000Z-mig-R20260602044R010B5R1F6278,RD-20260605T115651Z-main-DP00,migrated_unverified,legacy_raw,R20260602-044 R010B5R1 非线性组合回撤预算预注册与代理审计,旧库机械迁移，待复核,configs/research/R010-B5/r010b5_nonlinear_drawdown_overlay_proxy_v1.json,results/v2/research/R010-B5/nonlinear_drawdown_overlay_proxy_v1/,04_实验记录/EX-20260602T000000Z-mig-R20260602044R010B5R1F6278_R20260602-044R010B5R1非线性组合回撤预算预注册与代理审计.md,,2026-06-05T12:00:00Z,2026-06-05T12:00:00Z,旧库迁移记录，不能直接作为新库有效结论,按新库研究质量审计规范复核
EX-20260602T000000Z-mig-R20260602045R010B5R2EA305,RD-20260605T115651Z-main-DP00,migrated_unverified,legacy_raw,R20260602-045 R010B5R2 非线性回撤预算真实路径2024 Smoke,旧库机械迁移，待复核,configs/research/R010-B5/,results/v2/research/R010-B5/r010b5r2_true_path_four_segment/,04_实验记录/EX-20260602T000000Z-mig-R20260602045R010B5R2EA305_R20260602-045R010B5R2非线性回撤预算真实路径2024Smoke.md,,2026-06-05T12:00:00Z,2026-06-05T12:00:00Z,旧库迁移记录，不能直接作为新库有效结论,按新库研究质量审计规范复核
EX-20260602T000000Z-mig-R20260602046R010B5R37ED93,RD-20260605T115651Z-main-DP00,migrated_unverified,legacy_raw,R20260602-046 R010B5R3 非线性回撤预算参数敏感性与成本扰动预注册,旧库机械迁移，待复核,configs/research/R010-B5/r010b5r3_*.json,results/v2/research/R010-B5/,04_实验记录/EX-20260602T000000Z-mig-R20260602046R010B5R37ED93_R20260602-046R010B5R3非线性回撤预算参数敏感性与成本扰动预注册.md,,2026-06-05T12:00:00Z,2026-06-05T12:00:00Z,旧库迁移记录，不能直接作为新库有效结论,按新库研究质量审计规范复核
EX-20260602T000000Z-mig-R20260602047R010B5R4B8F95,RD-20260605T115651Z-main-DP00,migrated_unverified,legacy_raw,R20260602-047 R010B5R4 非线性回撤预算默认关闭影子观察预注册,旧库机械迁移，待复核,configs/research/R010-B5/r010b5r4_shadow_observation_*.json,results/v2/research/R010-B5/r010b5r4_shadow_four_segment_*/,04_实验记录/EX-20260602T000000Z-mig-R20260602047R010B5R4B8F95_R20260602-047R010B5R4非线性回撤预算默认关闭影子观察预注册.md,,2026-06-05T12:00:00Z,2026-06-05T12:00:00Z,旧库迁移记录，不能直接作为新库有效结论,按新库研究质量审计规范复核
EX-20260603T000000Z-mig-R20260603048R010B5R514C00,RD-20260605T115651Z-main-DP00,migrated_unverified,legacy_raw,R20260603-048 R010B5R5 非线性回撤预算严格Counterfactual预注册,旧库机械迁移，待复核,不新增回测配置,results/v2/research/R010-B5/r010b5r5_counterfactual_event_audit/,04_实验记录/EX-20260603T000000Z-mig-R20260603048R010B5R514C00_R20260603-048R010B5R5非线性回撤预算严格Counterfactual预注册.md,,2026-06-05T12:00:00Z,2026-06-05T12:00:00Z,旧库迁移记录，不能直接作为新库有效结论,按新库研究质量审计规范复核
EX-20260603T000000Z-mig-R20260603049R010B5R5R161773,RD-20260605T115651Z-main-DP00,migrated_unverified,legacy_raw,R20260603-049 R010B5R5R1 非线性回撤预算失败归因与公式修订预注册,旧库机械迁移，待复核,不新增回测配置,results/v2/research/R010-B5/r010b5r5r1_strict_counterfactual_review/,04_实验记录/EX-20260603T000000Z-mig-R20260603049R010B5R5R161773_R20260603-049R010B5R5R1非线性回撤预算失败归因与公式修订预注册.md,,2026-06-05T12:00:00Z,2026-06-05T12:00:00Z,旧库迁移记录，不能直接作为新库有效结论,按新库研究质量审计规范复核
EX-20260603T000000Z-mig-R20260603050R010B5R5R253641,RD-20260605T115651Z-main-DP00,migrated_unverified,legacy_raw,R20260603-050 R010B5R5R2 事件环境字段日志补全预注册,旧库机械迁移，待复核,不新增回测配置,results/v2/research/R010-B5/r010b5r5r2_env_log_smoke_2024/,04_实验记录/EX-20260603T000000Z-mig-R20260603050R010B5R5R253641_R20260603-050R010B5R5R2事件环境字段日志补全预注册.md,,2026-06-05T12:00:00Z,2026-06-05T12:00:00Z,旧库迁移记录，不能直接作为新库有效结论,按新库研究质量审计规范复核
EX-20260603T000000Z-mig-R20260603051R010B5R5R22B6B7,RD-20260605T115651Z-main-DP00,migrated_unverified,legacy_raw,R20260603-051 R010B5R5R2 新 Shadow 样本复核与环境归因,旧库机械迁移，待复核,configs/research/R010-B5/r010b5r4_shadow_observation_*.json,results/v2/research/R010-B5/r010b5r5r2_shadow_observation_*/,04_实验记录/EX-20260603T000000Z-mig-R20260603051R010B5R5R22B6B7_R20260603-051R010B5R5R2新Shadow样本复核与环境归因.md,,2026-06-05T12:00:00Z,2026-06-05T12:00:00Z,旧库迁移记录，不能直接作为新库有效结论,按新库研究质量审计规范复核
EX-20260603T000000Z-mig-R20260603052ACB6B,RD-20260605T115651Z-main-DP00,migrated_unverified,legacy_raw,R20260603-052 R010B5R5R3 低MedianRet条件预注册与只读复核,旧库机械迁移，待复核,N/A,results/v2/research/R010-B5/r010b5r5r3_low_median_ret_strict_review/,04_实验记录/EX-20260603T000000Z-mig-R20260603052ACB6B_R20260603-052R010B5R5R3低MedianRet条件预注册与只读复核.md,,2026-06-05T12:00:00Z,2026-06-05T12:00:00Z,旧库迁移记录，不能直接作为新库有效结论,按新库研究质量审计规范复核
EX-20260603T000000Z-mig-R202606030533457F,RD-20260605T115651Z-main-DP00,migrated_unverified,legacy_raw,R20260603-053 R010B5R5R4 低MedianRet现有结果交叉复核与新增样本外预注册,旧库机械迁移，待复核,N/A,results/v2/research/R010-B5/r010b5r5r4_existing_result_crosscheck/,04_实验记录/EX-20260603T000000Z-mig-R202606030533457F_R20260603-053R010B5R5R4低MedianRet现有结果交叉复核与新增样本外预注册.md,,2026-06-05T12:00:00Z,2026-06-05T12:00:00Z,旧库迁移记录，不能直接作为新库有效结论,按新库研究质量审计规范复核
EX-20260603T000000Z-mig-R2026060305476DDA,RD-20260605T115651Z-main-DP00,migrated_unverified,legacy_raw,R20260603-054 R010B5S1 非线性仓位公式组件映射与证伪路线预注册,旧库机械迁移，待复核,N/A,results/v2/research/R010-B5/r010b5s1_formula_component_map/,04_实验记录/EX-20260603T000000Z-mig-R2026060305476DDA_R20260603-054R010B5S1非线性仓位公式组件映射与证伪路线预注册.md,,2026-06-05T12:00:00Z,2026-06-05T12:00:00Z,旧库迁移记录，不能直接作为新库有效结论,按新库研究质量审计规范复核
EX-20260603T000000Z-mig-R202606030554B305,RD-20260605T115651Z-main-DP00,migrated_unverified,legacy_raw,R20260603-055 R010B5S2 波动率项与资金曲线状态组件级只读审计预注册,旧库机械迁移，待复核,N/A,results/v2/research/R010-B5/r010b5s2_component_readonly_audit/,04_实验记录/EX-20260603T000000Z-mig-R202606030554B305_R20260603-055R010B5S2波动率项与资金曲线状态组件级只读审计预注册.md,,2026-06-05T12:00:00Z,2026-06-05T12:00:00Z,旧库迁移记录，不能直接作为新库有效结论,按新库研究质量审计规范复核
EX-20260603T000000Z-mig-R20260603056F80E0,RD-20260605T115651Z-main-DP00,migrated_unverified,legacy_raw,R20260603-056 R010B5S3 波动率状态与资金曲线修复组件诊断预注册,旧库机械迁移，待复核,N/A,results/v2/research/R010-B5/r010b5s3_component_diagnostics/,04_实验记录/EX-20260603T000000Z-mig-R20260603056F80E0_R20260603-056R010B5S3波动率状态与资金曲线修复组件诊断预注册.md,,2026-06-05T12:00:00Z,2026-06-05T12:00:00Z,旧库迁移记录，不能直接作为新库有效结论,按新库研究质量审计规范复核
EX-20260603T000000Z-mig-R20260603057D782D,RD-20260605T115651Z-main-DP00,migrated_unverified,legacy_raw,R20260603-057 R010B5S4 滚动波动率中位参考分组前向样本可用性审计,旧库机械迁移，待复核,N/A,results/v2/research/R010-B5/r010b5s4_forward_sample_readiness/,04_实验记录/EX-20260603T000000Z-mig-R20260603057D782D_R20260603-057R010B5S4滚动波动率中位参考分组前向样本可用性审计.md,,2026-06-05T12:00:00Z,2026-06-05T12:00:00Z,旧库迁移记录，不能直接作为新库有效结论,按新库研究质量审计规范复核
EX-20260604T000000Z-mig-R202606040588511A,RD-20260605T115651Z-main-DP00,migrated_unverified,legacy_raw,R20260604-058 R010A4 进攻端状态门控平滑软排序实验,旧库机械迁移，待复核,configs/research/R010-A4/r010a4_offense_soft_rank/,results/v2/research/R010-A4/r010a4_offense_soft_rank/,04_实验记录/EX-20260604T000000Z-mig-R202606040588511A_R20260604-058R010A4进攻端状态门控平滑软排序实验.md,,2026-06-05T12:00:00Z,2026-06-05T12:00:00Z,旧库迁移记录，不能直接作为新库有效结论,按新库研究质量审计规范复核
EX-20260604T000000Z-mig-R202606040597F143,RD-20260605T115651Z-main-DP00,migrated_unverified,legacy_raw,R20260604-059 R010A4 进攻软排序字段与实现可用性审计,旧库机械迁移，待复核,N/A,N/A,04_实验记录/EX-20260604T000000Z-mig-R202606040597F143_R20260604-059R010A4进攻软排序字段与实现可用性审计.md,,2026-06-05T12:00:00Z,2026-06-05T12:00:00Z,旧库迁移记录，不能直接作为新库有效结论,按新库研究质量审计规范复核
EX-20260604T000000Z-mig-R20260604060DB364,RD-20260605T115651Z-main-DP00,migrated_unverified,legacy_raw,R20260604-060 R010A4R1 进攻软排序默认关闭实现审计,旧库机械迁移，待复核,configs/research/R010-A4/r010a4_offense_soft_rank/,results/v2/research/R010-A4/r010a4_offense_soft_rank/implementation_audit/,04_实验记录/EX-20260604T000000Z-mig-R20260604060DB364_R20260604-060R010A4R1进攻软排序默认关闭实现审计.md,,2026-06-05T12:00:00Z,2026-06-05T12:00:00Z,旧库迁移记录，不能直接作为新库有效结论,按新库研究质量审计规范复核
EX-20260604T000000Z-mig-R202606040610B5CB,RD-20260605T115651Z-main-DP00,migrated_unverified,legacy_raw,R20260604-061 R010A4S2 进攻软排序2024Smoke行为审计,旧库机械迁移，待复核,configs/research/R010-A4/r010a4_offense_soft_rank/,results/v2/research/R010-A4/r010a4_offense_soft_rank/smoke_2024_audit/,04_实验记录/EX-20260604T000000Z-mig-R202606040610B5CB_R20260604-061R010A4S2进攻软排序2024Smoke行为审计.md,,2026-06-05T12:00:00Z,2026-06-05T12:00:00Z,旧库迁移记录，不能直接作为新库有效结论,按新库研究质量审计规范复核
EX-20260604T000000Z-mig-R20260604062E3353,RD-20260605T115651Z-main-DP00,migrated_unverified,legacy_raw,R20260604-062 R010A4S3 进攻软排序近失效归因,旧库机械迁移，待复核,configs/research/R010-A4/r010a4_offense_soft_rank/,results/v2/research/R010-A4/r010a4_offense_soft_rank/near_miss_s3_audit/,04_实验记录/EX-20260604T000000Z-mig-R20260604062E3353_R20260604-062R010A4S3进攻软排序近失效归因.md,,2026-06-05T12:00:00Z,2026-06-05T12:00:00Z,旧库迁移记录，不能直接作为新库有效结论,按新库研究质量审计规范复核
EX-20260604T000000Z-mig-R20260604063D3D73,RD-20260605T115651Z-main-DP00,migrated_unverified,legacy_raw,R20260604-063 R010A4S4 Top1替换质量标签只读发现,旧库机械迁移，待复核,configs/research/R010-A4/r010a4_offense_soft_rank/,results/v2/research/R010-A4/r010a4_offense_soft_rank/quality_label_s4_discovery/,04_实验记录/EX-20260604T000000Z-mig-R20260604063D3D73_R20260604-063R010A4S4Top1替换质量标签只读发现.md,,2026-06-05T12:00:00Z,2026-06-05T12:00:00Z,旧库迁移记录，不能直接作为新库有效结论,按新库研究质量审计规范复核
EX-20260604T000000Z-mig-R20260604064A93C5,RD-20260605T115651Z-main-DP00,migrated_unverified,legacy_raw,R20260604-064 R010A4S5 Top1近端衰竭替换2024Smoke审计,旧库机械迁移，待复核,configs/research/R010-A4/r010a4_offense_soft_rank/config_2024_s5_top1_fast_weak_no_rank_quality.json,results/v2/research/R010-A4/r010a4_offense_soft_rank/s5_top1_fast_weak_2024/0c244c54989246f3a80aa237faeb855b/,04_实验记录/EX-20260604T000000Z-mig-R20260604064A93C5_R20260604-064R010A4S5Top1近端衰竭替换2024Smoke审计.md,,2026-06-05T12:00:00Z,2026-06-05T12:00:00Z,旧库迁移记录，不能直接作为新库有效结论,按新库研究质量审计规范复核
EX-20260604T000000Z-mig-R202606040650312D,RD-20260605T115651Z-main-DP00,migrated_unverified,legacy_raw,R20260604-065 R010A4S5 OOS默认关闭验证,旧库机械迁移，待复核,configs/research/R010-A4/r010a4_offense_soft_rank/config_oos_*.json,results/v2/research/R010-A4/r010a4_offense_soft_rank/oos_*,04_实验记录/EX-20260604T000000Z-mig-R202606040650312D_R20260604-065R010A4S5OOS默认关闭验证.md,,2026-06-05T12:00:00Z,2026-06-05T12:00:00Z,旧库迁移记录，不能直接作为新库有效结论,按新库研究质量审计规范复核
EX-20260604T000000Z-mig-R202606040660711D,RD-20260605T115651Z-main-DP00,migrated_unverified,legacy_raw,R20260604-066 R010A4S6 S5失败归因只读审计,旧库机械迁移，待复核,configs/research/R010-A4/r010a4_offense_soft_rank/config_2024_s5_top1_fast_weak_no_rank_quality.json; configs/research/R010-A4/r010a4_offense_soft_rank/config_oos_*.json,results/v2/research/R010-A4/r010a4_offense_soft_rank/s6_failure_attribution/,04_实验记录/EX-20260604T000000Z-mig-R202606040660711D_R20260604-066R010A4S6S5失败归因只读审计.md,,2026-06-05T12:00:00Z,2026-06-05T12:00:00Z,旧库迁移记录，不能直接作为新库有效结论,按新库研究质量审计规范复核
EX-20260604T000000Z-mig-R2026060406780AD6,RD-20260605T115651Z-main-DP00,migrated_unverified,legacy_raw,R20260604-067 R010A5 A2换仓失败归因只读审计,旧库机械迁移，待复核,configs/research/R010-B2/r010b2_a2_slope004_latest_variant_run_map.json,results/v2/research/R010-A5/a2_failure_attribution/,04_实验记录/EX-20260604T000000Z-mig-R2026060406780AD6_R20260604-067R010A5A2换仓失败归因只读审计.md,,2026-06-05T12:00:00Z,2026-06-05T12:00:00Z,旧库迁移记录，不能直接作为新库有效结论,按新库研究质量审计规范复核
EX-20260604T000000Z-mig-R202606040685CEBD,RD-20260605T115651Z-main-DP00,migrated_unverified,legacy_raw,R20260604-068 R010A6 过滤层稀薄防抖2024Smoke否决,旧库机械迁移，待复核,configs/research/R010-A6/filter_thin_antichurn/,results/v2/research/R010-A6/filter_thin_antichurn/,04_实验记录/EX-20260604T000000Z-mig-R202606040685CEBD_R20260604-068R010A6过滤层稀薄防抖2024Smoke否决.md,,2026-06-05T12:00:00Z,2026-06-05T12:00:00Z,旧库迁移记录，不能直接作为新库有效结论,按新库研究质量审计规范复核
EX-20260604T000000Z-mig-R2026060406878BFA,RD-20260605T115651Z-main-DP00,migrated_unverified,legacy_raw,R20260604-068 日内成交头重脚轻假设只读验证预注册,旧库机械迁移，待复核,N/A,results/v2/research/INTRADAY-EXECUTION/R20260604-068_intraday_head_heavy_shape/,04_实验记录/EX-20260604T000000Z-mig-R2026060406878BFA_R20260604-068日内成交头重脚轻假设只读验证预注册.md,,2026-06-05T12:00:00Z,2026-06-05T12:00:00Z,旧库迁移记录，不能直接作为新库有效结论,按新库研究质量审计规范复核
EX-20260604T000000Z-mig-R2026060406931791,RD-20260605T115651Z-main-DP00,migrated_unverified,legacy_raw,R20260604-069 执行窗口 VWAP 容量冲击反事实预注册,旧库机械迁移，待复核,N/A,results/v2/research/INTRADAY-EXECUTION/R20260604-069_execution_window_counterfactual/,04_实验记录/EX-20260604T000000Z-mig-R2026060406931791_R20260604-069执行窗口VWAP容量冲击反事实预注册.md,,2026-06-05T12:00:00Z,2026-06-05T12:00:00Z,旧库迁移记录，不能直接作为新库有效结论,按新库研究质量审计规范复核
EX-20260604T000000Z-mig-R20260604070EA2A6,RD-20260605T115651Z-main-DP00,migrated_unverified,legacy_raw,R20260604-070 ETF专项执行窗口分层只读分析,旧库机械迁移，待复核,N/A,results/v2/research/INTRADAY-EXECUTION/R20260604-070_etf_execution_window_specialization/,04_实验记录/EX-20260604T000000Z-mig-R20260604070EA2A6_R20260604-070ETF专项执行窗口分层只读分析.md,,2026-06-05T12:00:00Z,2026-06-05T12:00:00Z,旧库迁移记录，不能直接作为新库有效结论,按新库研究质量审计规范复核
EX-20260604T000000Z-mig-R20260604071C7EC3,RD-20260605T115651Z-main-DP00,migrated_unverified,legacy_raw,R20260604-071 ETF双池买卖时机独立反事实预注册,旧库机械迁移，待复核,N/A,results/v2/research/INTRADAY-EXECUTION/R20260604-071_etf_dual_pool_trade_timing/,04_实验记录/EX-20260604T000000Z-mig-R20260604071C7EC3_R20260604-071ETF双池买卖时机独立反事实预注册.md,,2026-06-05T12:00:00Z,2026-06-05T12:00:00Z,旧库迁移记录，不能直接作为新库有效结论,按新库研究质量审计规范复核
EX-20260604T000000Z-mig-R20260604072DE8A7,RD-20260605T115651Z-main-DP00,migrated_unverified,legacy_raw,R20260604-072 ETF双池 13:09/13:10 时点机制归因预注册,旧库机械迁移，待复核,N/A,results/v2/research/INTRADAY-EXECUTION/R20260604-072_etf_dual_pool_timepoint_mechanism/,04_实验记录/EX-20260604T000000Z-mig-R20260604072DE8A7_R20260604-072ETF双池13091310时点机制归因预注册.md,,2026-06-05T12:00:00Z,2026-06-05T12:00:00Z,旧库迁移记录，不能直接作为新库有效结论,按新库研究质量审计规范复核
EX-20260604T000000Z-mig-R20260604073F111B,RD-20260605T115651Z-main-DP00,migrated_unverified,legacy_raw,R20260604-073 R010A6S3 保持旧仓失败触发簇只读归因,旧库机械迁移，待复核,N/A,results/v2/research/R010-A6/filter_thin_antichurn/s3_failure_attribution_2024/,04_实验记录/EX-20260604T000000Z-mig-R20260604073F111B_R20260604-073R010A6S3保持旧仓失败触发簇只读归因.md,,2026-06-05T12:00:00Z,2026-06-05T12:00:00Z,旧库迁移记录，不能直接作为新库有效结论,按新库研究质量审计规范复核
EX-20260604T000000Z-mig-R2026060407497F21,RD-20260605T115651Z-main-DP00,migrated_unverified,legacy_raw,R20260604-074 R010A7 过滤层稀薄替代目标只读验证,旧库机械迁移，待复核,N/A,results/v2/research/R010-A7/alternative_target_readonly_2024/; results/v2/research/R010-A7/filter_all_weak_top2_multisegment_readonly/,04_实验记录/EX-20260604T000000Z-mig-R2026060407497F21_R20260604-074R010A7过滤层稀薄替代目标只读验证.md,,2026-06-05T12:00:00Z,2026-06-05T12:00:00Z,旧库迁移记录，不能直接作为新库有效结论,按新库研究质量审计规范复核
EX-20260604T000000Z-mig-R20260604075E9A24,RD-20260605T115651Z-main-DP00,migrated_unverified,legacy_raw,R20260604-075 R010A8 过滤层稀薄状态分层只读发现,旧库机械迁移，待复核,N/A,results/v2/research/R010-A8/filter_all_weak_state_stratification_readonly/,04_实验记录/EX-20260604T000000Z-mig-R20260604075E9A24_R20260604-075R010A8过滤层稀薄状态分层只读发现.md,,2026-06-05T12:00:00Z,2026-06-05T12:00:00Z,旧库迁移记录，不能直接作为新库有效结论,按新库研究质量审计规范复核
EX-20260605T000000Z-mig-R2026060507681C94,RD-20260605T115651Z-main-DP00,migrated_unverified,legacy_raw,R20260605-076 R010A9 过滤层稀薄 Top3 替代真实路径多段验证,旧库机械迁移，待复核,E:/量化平台_V1.4.0/configs/research/R010-A9/filter_thin_top3_replace/,E:/量化平台_V1.4.0/results/v2/research/R010-A9/filter_thin_top3_replace/,04_实验记录/EX-20260605T000000Z-mig-R2026060507681C94_R20260605-076R010A9过滤层稀薄Top3替代真实路径多段验证.md,,2026-06-05T12:00:00Z,2026-06-05T12:00:00Z,旧库迁移记录，不能直接作为新库有效结论,按新库研究质量审计规范复核
EX-20260605T000000Z-mig-R202606050779AFBB,RD-20260605T115651Z-main-DP00,migrated_unverified,legacy_raw,R20260605-077 R010A9S4 高热度窄主线热分支 2024 Smoke 否决,旧库机械迁移，待复核,E:/量化平台_V1.4.0/configs/research/R010-A9/filter_thin_top3_replace/config_2024_s4_top2_ret5_positive_top3_apply_a2_median003_or_hot_v1.json,E:/量化平台_V1.4.0/results/v2/research/R010-A9/filter_thin_top3_replace/s4_top2_ret5_positive_top3_apply_a2_median003_or_hot_v1_2024/697a135016514ffd9ff025d2d2644b09,04_实验记录/EX-20260605T000000Z-mig-R202606050779AFBB_R20260605-077R010A9S4高热度窄主线热分支2024Smoke否决.md,,2026-06-05T12:00:00Z,2026-06-05T12:00:00Z,旧库迁移记录，不能直接作为新库有效结论,按新库研究质量审计规范复核
EX-20260605T000000Z-mig-R2026060507889967,RD-20260605T115651Z-main-DP00,migrated_unverified,legacy_raw,R20260605-078 R010A9S3 已触发负贡献归因与审计字段增强,旧库机械迁移，待复核,E:/量化平台_V1.4.0/configs/research/R010-A9/filter_thin_top3_replace/,E:/量化平台_V1.4.0/results/v2/research/R010-A9/filter_thin_top3_replace/s3_kept_trigger_attribution_readonly/,04_实验记录/EX-20260605T000000Z-mig-R2026060507889967_R20260605-078R010A9S3已触发负贡献归因与审计字段增强.md,,2026-06-05T12:00:00Z,2026-06-05T12:00:00Z,旧库迁移记录，不能直接作为新库有效结论,按新库研究质量审计规范复核
EX-20260605T000000Z-mig-R202606050799B34C,RD-20260605T115651Z-main-DP00,migrated_unverified,legacy_raw,R20260605-079 R010A9S3 Shadow 2024 Smoke 交易隔离通过,旧库机械迁移，待复核,E:/量化平台_V1.4.0/configs/research/R010-A9/filter_thin_top3_replace/config_2024_s3_top2_ret5_positive_top3_shadow_a2_median003.json,E:/量化平台_V1.4.0/results/v2/research/R010-A9/filter_thin_top3_replace/s3_top2_ret5_positive_top3_shadow_a2_median003_2024/42a0c190d1e9433b84193e55871550c1,04_实验记录/EX-20260605T000000Z-mig-R202606050799B34C_R20260605-079R010A9S3Shadow2024Smoke交易隔离通过.md,,2026-06-05T12:00:00Z,2026-06-05T12:00:00Z,旧库迁移记录，不能直接作为新库有效结论,按新库研究质量审计规范复核
EX-20260605T000000Z-mig-R2026060508099410,RD-20260605T115651Z-main-DP00,migrated_unverified,legacy_raw,R20260605-080 R010A9S3 Shadow 多分段 Smoke 交易隔离通过,旧库机械迁移，待复核,E:/量化平台_V1.4.0/configs/research/R010-A9/filter_thin_top3_replace/config_2022_2023_s3_top2_ret5_positive_top3_shadow_a2_median003.json; E:/量化平台_V1.4.0/configs/research/R010-A9/filter_thin_top3_replace/config_2025_20260519_s3_top2_ret5_positive_top3_shadow_a2_median003.json,E:/量化平台_V1.4.0/results/v2/research/R010-A9/filter_thin_top3_replace/,04_实验记录/EX-20260605T000000Z-mig-R2026060508099410_R20260605-080R010A9S3Shadow多分段Smoke交易隔离通过.md,,2026-06-05T12:00:00Z,2026-06-05T12:00:00Z,旧库迁移记录，不能直接作为新库有效结论,按新库研究质量审计规范复核
EX-20260605T000000Z-mig-R202606050812A784,RD-20260605T115651Z-main-DP00,migrated_unverified,legacy_raw,R20260605-081 R010A9S3 Shadow 四分段全覆盖交易隔离通过,旧库机械迁移，待复核,E:/量化平台_V1.4.0/configs/research/R010-A9/filter_thin_top3_replace/config_2020_2021_s3_top2_ret5_positive_top3_shadow_a2_median003.json,E:/量化平台_V1.4.0/results/v2/research/R010-A9/filter_thin_top3_replace/s3_top2_ret5_positive_top3_shadow_a2_median003_2020_2021/6a213c8338c8416eb147257cf33741f0,04_实验记录/EX-20260605T000000Z-mig-R202606050812A784_R20260605-081R010A9S3Shadow四分段全覆盖交易隔离通过.md,,2026-06-05T12:00:00Z,2026-06-05T12:00:00Z,旧库迁移记录，不能直接作为新库有效结论,按新库研究质量审计规范复核
EX-20260605T000000Z-mig-R202606050828E097,RD-20260605T115651Z-main-DP00,migrated_unverified,legacy_raw,R20260605-082 R010A9S3 十五触发成交可用性与扣成本复核,旧库机械迁移，待复核,N/A,E:/量化平台_V1.4.0/results/v2/research/R010-A9/filter_thin_top3_replace/s3_shadow_event_tradability_review_readonly,04_实验记录/EX-20260605T000000Z-mig-R202606050828E097_R20260605-082R010A9S3十五触发成交可用性与扣成本复核.md,,2026-06-05T12:00:00Z,2026-06-05T12:00:00Z,旧库迁移记录，不能直接作为新库有效结论,按新库研究质量审计规范复核
EX-20260605T000000Z-mig-R20260605083B8CDE,RD-20260605T115651Z-main-DP00,migrated_unverified,legacy_raw,R20260605-083 R010A9S3 预可见容量护栏只读评估,旧库机械迁移，待复核,N/A,E:/量化平台_V1.4.0/results/v2/research/R010-A9/filter_thin_top3_replace/s3_capacity_guard_candidates_readonly,04_实验记录/EX-20260605T000000Z-mig-R20260605083B8CDE_R20260605-083R010A9S3预可见容量护栏只读评估.md,,2026-06-05T12:00:00Z,2026-06-05T12:00:00Z,旧库迁移记录，不能直接作为新库有效结论,按新库研究质量审计规范复核
EX-20260605T000000Z-mig-R202606050844E399,RD-20260605T115651Z-main-DP00,migrated_unverified,legacy_raw,R20260605-084 R010A9S5 预可见容量护栏 Shadow 四分段验证,旧库机械迁移，待复核,E:/量化平台_V1.4.0/configs/research/R010-A9/filter_thin_top3_replace/,E:/量化平台_V1.4.0/results/v2/research/R010-A9/filter_thin_top3_replace/,04_实验记录/EX-20260605T000000Z-mig-R202606050844E399_R20260605-084R010A9S5预可见容量护栏Shadow四分段验证.md,,2026-06-05T12:00:00Z,2026-06-05T12:00:00Z,旧库迁移记录，不能直接作为新库有效结论,按新库研究质量审计规范复核
EX-20260605T000000Z-mig-R20260605085B7521,RD-20260605T115651Z-main-DP00,migrated_unverified,legacy_raw,R20260605-085 R010A9S5 放行事件 Live-Readiness 只读审计,旧库机械迁移，待复核,N/A,E:/量化平台_V1.4.0/results/v2/research/R010-A9/filter_thin_top3_replace/s5_live_readiness_readonly,04_实验记录/EX-20260605T000000Z-mig-R20260605085B7521_R20260605-085R010A9S5放行事件Live-Readiness只读审计.md,,2026-06-05T12:00:00Z,2026-06-05T12:00:00Z,旧库迁移记录，不能直接作为新库有效结论,按新库研究质量审计规范复核
EX-20260605T000000Z-mig-R202606050866BB8C,RD-20260605T115651Z-main-DP00,migrated_unverified,legacy_raw,R20260605-086 R010A9S5 二级护栏候选只读发现,旧库机械迁移，待复核,N/A,E:/量化平台_V1.4.0/results/v2/research/R010-A9/filter_thin_top3_replace/s5_second_guard_candidates_readonly,04_实验记录/EX-20260605T000000Z-mig-R202606050866BB8C_R20260605-086R010A9S5二级护栏候选只读发现.md,,2026-06-05T12:00:00Z,2026-06-05T12:00:00Z,旧库迁移记录，不能直接作为新库有效结论,按新库研究质量审计规范复核
EX-20260605T000000Z-mig-R202606050878B552,RD-20260605T115651Z-main-DP00,migrated_unverified,legacy_raw,R20260605-087 R010A9S6 二级护栏 Default-Off Shadow 四分段验证,旧库机械迁移，待复核,E:/量化平台_V1.4.0/configs/research/R010-A9/filter_thin_top3_replace/,E:/量化平台_V1.4.0/results/v2/research/R010-A9/filter_thin_top3_replace/s6_top2_ret5_positive_top3_shadow_a2_median003_prior5win5pct_second_top2_0011_targetscore495_*,04_实验记录/EX-20260605T000000Z-mig-R202606050878B552_R20260605-087R010A9S6二级护栏Default-OffShadow四分段验证.md,,2026-06-05T12:00:00Z,2026-06-05T12:00:00Z,旧库迁移记录，不能直接作为新库有效结论,按新库研究质量审计规范复核
EX-20260605T000000Z-mig-R202606050881EFD1,RD-20260605T115651Z-main-DP00,migrated_unverified,legacy_raw,R20260605-088 R010A10 A2 换仓延迟确认只读发现,旧库机械迁移，待复核,N/A,E:/量化平台_V1.4.0/results/v2/research/R010-A10/a2_switch_delay_confirmation_readonly/,04_实验记录/EX-20260605T000000Z-mig-R202606050881EFD1_R20260605-088R010A10A2换仓延迟确认只读发现.md,,2026-06-05T12:00:00Z,2026-06-05T12:00:00Z,旧库迁移记录，不能直接作为新库有效结论,按新库研究质量审计规范复核
EX-20260605T000000Z-mig-R202606050899F2EE,RD-20260605T115651Z-main-DP00,migrated_unverified,legacy_raw,R20260605-089 R010A10S1 A2 换仓延迟确认 Default-Off Shadow 四分段验证,旧库机械迁移，待复核,E:/量化平台_V1.4.0/configs/research/R010-A10/switch_delay_confirmation/,E:/量化平台_V1.4.0/results/v2/research/R010-A10/switch_delay_confirmation/s1_analysis/,04_实验记录/EX-20260605T000000Z-mig-R202606050899F2EE_R20260605-089R010A10S1A2换仓延迟确认Default-OffShadow四分段验证.md,,2026-06-05T12:00:00Z,2026-06-05T12:00:00Z,旧库迁移记录，不能直接作为新库有效结论,按新库研究质量审计规范复核
EX-20260605T000000Z-mig-R202606050901D007,RD-20260605T115651Z-main-DP00,migrated_unverified,legacy_raw,R20260605-090 过热拥挤机制收益拖累总审计,旧库机械迁移，待复核,configs/research/R010-B2/; configs/research/R010-B3/; configs/research/R010-B4/; configs/research/R010-A9/filter_thin_top3_replace/,results/v2/research/R010-B2/a2_slope004_split_compare/; results/v2/research/R010-B3/all_weak_persist_limited2_gate_median_or_breadth_cap80_analysis/; results/v2/research/R010-B4/tiered_v2_split_summary/; results/v2/research/R010-A9/filter_thin_top3_replace/,04_实验记录/EX-20260605T000000Z-mig-R202606050901D007_R20260605-090过热拥挤机制收益拖累总审计.md,,2026-06-05T12:00:00Z,2026-06-05T12:00:00Z,旧库迁移记录，不能直接作为新库有效结论,按新库研究质量审计规范复核
EX-20260605T000000Z-mig-R2026060509171628,RD-20260605T115651Z-main-DP00,migrated_unverified,legacy_raw,R20260605-091 score 大于 5 硬过滤合理性审计,旧库机械迁移，待复核,E:/xtquant/策略/ETF双池动量轮动_MiniQMT.py,reports/migration/etf_dual_pool_target_diff_classification_after_jq_log.csv; results/v2/research/R010-A11/score_cap_readonly/; results/v2/research/R010-A11/score_cap_readonly_2020_20260604/; results/v2/research/R010-A11/score_cap_equity_proxy_2020_20260604/; results/v2/research/R010-A11/score_hot_alternatives_2020_20260604/; configs/research/R010-A11/score_hot_backtest/; results/v2/research/R010-A11/score_hot_backtest_smoke/; results/v2/research/R010-A11/score_hot_backtest/,04_实验记录/EX-20260605T000000Z-mig-R2026060509171628_R20260605-091score大于5硬过滤合理性审计.md,,2026-06-05T12:00:00Z,2026-06-05T12:00:00Z,旧库迁移记录，不能直接作为新库有效结论,按新库研究质量审计规范复核
EX-20260605T000000Z-mig-R202606050921DE42,RD-20260605T115651Z-main-DP00,migrated_unverified,legacy_raw,R20260605-092 顶刊文献启发过热拥挤判别研究计划,旧库机械迁移，待复核,E:/量化平台_V1.4.0/scripts/research/analyze_r010a12_literature_hot_gate.py,E:/量化平台_V1.4.0/results/v2/research/R010-A12/literature_hot_gate_proxy/,04_实验记录/EX-20260605T000000Z-mig-R202606050921DE42_R20260605-092顶刊文献启发过热拥挤判别研究计划.md,,2026-06-05T12:00:00Z,2026-06-05T12:00:00Z,旧库迁移记录，不能直接作为新库有效结论,按新库研究质量审计规范复核
EX-20260605T000000Z-mig-R20260605093A8E06,RD-20260605T115651Z-main-DP00,migrated_unverified,legacy_raw,R20260605-093 5到6分风险预算缩放研究计划,旧库机械迁移，待复核,E:/量化平台_V1.4.0/configs/research/R010-A13/score56_risk_budget/,E:/量化平台_V1.4.0/results/v2/research/R010-A13/score56_risk_budget/,04_实验记录/EX-20260605T000000Z-mig-R20260605093A8E06_R20260605-0935到6分风险预算缩放研究计划.md,,2026-06-05T12:00:00Z,2026-06-05T12:00:00Z,旧库迁移记录，不能直接作为新库有效结论,按新库研究质量审计规范复核
EX-20260523T000000Z-mig-S202605230011898F,RD-20260605T115651Z-main-DP00,migrated_unverified,legacy_raw,S20260523-001: 小市值日内做T 11年回撤归因分析,旧库机械迁移，待复核,N/A,N/A,04_实验记录/EX-20260523T000000Z-mig-S202605230011898F_S20260523-001小市值日内做T11年回撤归因分析.md,,2026-06-05T12:00:00Z,2026-06-05T12:00:00Z,旧库迁移记录，不能直接作为新库有效结论,按新库研究质量审计规范复核
EX-20260523T000000Z-mig-S2026052300264EF6,RD-20260605T115651Z-main-DP00,migrated_unverified,legacy_raw,S20260523-002: 复利年化100% + 最大回撤20%（无杠杆）目标可行性评估,旧库机械迁移，待复核,N/A,N/A,04_实验记录/EX-20260523T000000Z-mig-S2026052300264EF6_S20260523-002复利年化100%+最大回撤20%（无杠杆）目标可行性评估.md,,2026-06-05T12:00:00Z,2026-06-05T12:00:00Z,旧库迁移记录，不能直接作为新库有效结论,按新库研究质量审计规范复核
EX-20260605T131309Z-main-QCVT,RD-20260605T131301Z-main-KC7N,completed,readonly_audit_completed,主题簇主线确认只读审计预注册,固定主题标签和主题扩散强度能否解释 hot/raw Top1 相对基准的 H1/H3/H5/H10 收益差异,E:/量化平台_V1.4.0/configs/research/R010-THEME/EX-20260605T131309Z-main-QCVT/theme_cluster_mainline_readonly.json,E:/量化平台_V1.4.0/results/v2/research/R010-THEME/EX-20260605T131309Z-main-QCVT/,04_实验记录/EX-20260605T131309Z-main-QCVT_主题簇主线确认只读审计预注册.md,,2026-06-05T13:13:09Z,2026-06-05T13:18:52Z,主题簇 H10 均值优于非主题簇和负控，但胜率不稳定，只能作为 L1 观察,新开主题簇主线确认 formal V2 shadow 回测预注册
EX-20260605T133436Z-main-TZ5W,RD-20260605T131301Z-main-KC7N,completed,shadow_smoke_completed,主题簇主线确认Formal V2 Shadow预注册,固定主题表能否进入正式 V2 日志链路且不改变目标和订单,E:/量化平台_V1.4.0/configs/research/R010-THEME/EX-20260605T133436Z-main-TZ5W/theme_cluster_shadow_smoke_2025q1.json,E:/量化平台_V1.4.0/results/v2/research/R010-THEME/EX-20260605T133436Z-main-TZ5W/smoke_2025q1/,04_实验记录/EX-20260605T133436Z-main-TZ5W_主题簇主线确认Formal V2 Shadow预注册.md,,2026-06-05T13:34:36Z,2026-06-05T13:48:00Z,L1_engineering：57条action主题字段、57条shadow日志、changes_targets=true为0；不证明收益,新开四段formal V2 shadow观察，加入基准哈希、错位主题、随机主题和去主题消融
EX-20260605T140100Z-main-B7VH,RD-20260605T131301Z-main-KC7N,completed,four_segment_shadow_isolation_completed,主题簇主线确认四段Shadow观察与订单隔离审计,四段shadow-on/off配对验证主题字段稳定性和交易隔离,E:/量化平台_V1.4.0/configs/research/R010-THEME/EX-20260605T140100Z-main-B7VH/split/,E:/量化平台_V1.4.0/results/v2/research/R010-THEME/EX-20260605T140100Z-main-B7VH/summary/,04_实验记录/EX-20260605T140100Z-main-B7VH_主题簇主线确认四段Shadow观察与订单隔离审计.md,,2026-06-05T14:01:00Z,2026-06-05T15:56:00Z,L1_engineering：四段1542条shadow日志、changes_targets=true为0、normalized交易产物哈希16/16一致；不证明收益,已由EX-20260605T234635Z-main-CTRD完成收益归因，参考DEC-20260605T235338Z-main-WVZZ
EX-20260605T133336Z-main-UBVU,RD-20260605T133318Z-main-H6V3,completed,formal_key_window_done,非金融高分放行关键窗口失败复核,非金融高分一律放行是否能替代hard5,E:/量化平台_V1.4.0/configs/research/R010-A14/theme_hot_backtest/,E:/量化平台_V1.4.0/results/v2/research/R010-A14/theme_hot_backtest/,04_实验记录/EX-20260605T133336Z-main-UBVU_非金融高分放行关键窗口失败复核.md,DEC-20260605T133351Z-main-7PRX,2026-06-05T13:33:36Z,2026-06-05T13:33:36Z,非金融高分放行在关键窗口严重失败，不能替代hard5,转向hard5内部next-best和资产属性分层
EX-20260605T133336Z-main-MZJE,RD-20260605T133318Z-main-H6V3,completed,readonly_done,hard5内部next-best选择只读代理,raw Top1被hard5过滤后是否能在score小于5候选里选更好目标,,E:/量化平台_V1.4.0/results/v2/research/R010-A15/hard5_next_best_proxy/,04_实验记录/EX-20260605T133336Z-main-MZJE_hard5内部next-best选择只读代理.md,DEC-20260605T133351Z-main-ECU2,2026-06-05T13:33:36Z,2026-06-05T13:33:36Z,通用next-best selector均未通过胜率和分段稳定性门槛,转向资产属性标签审计
EX-20260605T133336Z-main-DMB9,RD-20260605T133318Z-main-H6V3,completed,readonly_done,资产属性标签审计与hard5事件拆分,hard5过滤事件中的其他主题是否实际混入商品LOF等资产属性,,E:/量化平台_V1.4.0/results/v2/research/R010-A18/asset_class_label_audit/,04_实验记录/EX-20260605T133336Z-main-DMB9_资产属性标签审计与hard5事件拆分.md,DEC-20260605T133351Z-main-26J6,2026-06-05T13:33:36Z,2026-06-05T13:33:36Z,其他主题几乎全是商品LOF，资产属性分层成为前置条件,构造52周高点、成交量冲击、相关性和动量崩盘状态面板
EX-20260605T135028Z-main-76GD,RD-20260605T133318Z-main-H6V3,completed,diagnostic_completed,score大于5过滤状态面板诊断,score>5只有结合资产属性和状态变量才可作为过热代理，单独硬过滤不合理,E:\量化平台_V1.4.0\scripts\research\analyze_r010a16_hot_state_panel.py,E:\量化平台_V1.4.0\results\v2\research\R010-A16\hot_state_panel,04_实验记录/EX-20260605T135028Z-main-76GD_score大于5过滤状态面板诊断.md,DEC-20260605T135046Z-main-P5V8,2026-06-05T13:50:28Z,2026-06-05T13:51:00Z,212个hard5事件中raw Top1 H10均值约+1.98%，hard5备选约-0.96%；无条件硬过滤机会成本明显,进入A17条件化hard5 A/B回测
EX-20260605T151211Z-main-JDPL,RD-20260605T133318Z-main-H6V3,completed,formal_key_window_done,条件化score过热过滤formal V2关键窗口回测,测试条件化hard5能否释放被score>5错杀的收益且不放大回撤,E:/量化平台_V1.4.0/configs/research/R010-A17/conditional_hot_state/,E:/量化平台_V1.4.0/results/v2/research/R010-A17/conditional_hot_state/,04_实验记录/EX-20260605T151211Z-main-JDPL_条件化score过热过滤formal V2关键窗口回测.md,DEC-20260605T151211Z-main-YFNK,2026-06-05T15:12:11Z,2026-06-05T15:40:00Z,conditional_v1最终-63.40%且MDD-76.54%；修复后conditional_v2_smooth为+199.88%、MDD-20.51%，弱于hard5,停止A17粗条件门，转向数据复权异常闸和非二元过热预算
EX-20260605T165020Z-main-Z5EP,RD-20260605T133318Z-main-H6V3,completed,formal_stability_done,A19 ret5延续高分放行关键窗口与稳定性回测,高分标的只有在ret5延续区间才放行，可能释放hard5机会成本并避免异常价格风险,E:/量化平台_V1.4.0/configs/research/R010-A19/ret5_continuation_allowlist/,E:/量化平台_V1.4.0/results/v2/research/R010-A19/ret5_continuation_allowlist/,04_实验记录/EX-20260605T165020Z-main-Z5EP_A19 ret5延续高分放行关键窗口与稳定性回测.md,DEC-20260605T165030Z-main-HSEH,2026-06-05T16:50:20Z,2026-06-05T16:50:20Z,ret5_9_12在2025-20260519提高收益且回撤接近hard5，但2022-2023明显输给hard5，不能直接替代默认hard5,新开A20市场状态条件化高分延续放行，只读归因强趋势与弱市样本差异
EX-20260605T184943Z-main-Q3YU,RD-20260605T133318Z-main-H6V3,completed,formal_stability_with_path_dependency_audit,A20-A21市场状态高分延续放行formal V2与路径依赖反证,A20只在广度足够且候选slope10足够时放行高分；A21检验广度过满冲顶排除是否可修复2020反证,E:/量化平台_V1.4.0/configs/research/R010-A20/market_state_hot_allowlist/;E:/量化平台_V1.4.0/configs/research/R010-A21/breadth_ceiling_hot_allowlist/,E:/量化平台_V1.4.0/results/v2/research/R010-A20/market_state_hot_allowlist/;E:/量化平台_V1.4.0/results/v2/research/R010-A21/breadth_ceiling_hot_allowlist/,04_实验记录/EX-20260605T184943Z-main-Q3YU_A20-A21市场状态高分延续放行formal V2与路径依赖反证.md,DEC-20260605T184943Z-main-CKNC,2026-06-05T18:49:43Z,2026-06-05T18:49:43Z,A20在2025显著优于hard5且修复2022_2023，但2020_2021低于hard5；A21二次代理formal失败,新开A22高分状态预算与非二元过热机制
EX-20260605T220429Z-main-EQFU,RD-20260605T133318Z-main-H6V3,completed,formal_v2_budget_ablation,A22高分状态风险预算formal V2四段回测,A20条件放行后不满仓追高，而是对score>=5目标施加60/70/80%风险预算,E:/量化平台_V1.4.0/configs/research/R010-A22/hot_score_budget/,E:/量化平台_V1.4.0/results/v2/research/R010-A22/hot_score_budget/,04_实验记录/EX-20260605T220429Z-main-EQFU_A22高分状态风险预算formal V2四段回测.md,DEC-20260605T220430Z-main-9QNJ,2026-06-05T22:04:29Z,2026-06-05T22:04:29Z,cap70四段最终权益均不低于hard5并保留2025收益；cap60更稳但削弱当前强趋势窗口,新开A23状态分层预算，普通A20用cap70，broad blowoff用cap60或更低
EX-20260606T073600Z-main-R8M6,RD-20260605T133318Z-main-H6V3,completed,formal_v2_state_tier_budget_challenger,A23状态分层预算88_6探索四段回测,普通高分用cap70，MA20广度>=88%且median20>=6%的broad blowoff降到cap60,E:/量化平台_V1.4.0/configs/research/R010-A23/state_tier_hot_budget/base70_blowoff88_m06_cap60/,E:/量化平台_V1.4.0/results/v2/research/R010-A23/state_tier_hot_budget/base70_blowoff88_m06_cap60/,04_实验记录/EX-20260606T073600Z-main-R8M6_A23状态分层预算88_6探索四段回测.md,DEC-20260606T073601Z-main-VK2A,2026-06-06T07:36:00Z,2026-06-06T07:36:00Z,A23 88/6四段不低于hard5并改善2020，但2022略弱于A22 cap70，暂不替代当前首选,保留A22 cap70为首选；A23继续做90/6、92/4、dispersion和2022事件归因
EX-20260606T083100Z-main-D9QK,RD-20260605T133318Z-main-H6V3,completed,formal_v2_state_tier_budget_sensitivity,A23状态分层预算92_4_d09四段回测,普通高分用cap70，高广度/中位收益/高离散broad blowoff降到cap60，检验是否避免2022误降仓且保留2020风控,E:/量化平台_V1.4.0/configs/research/R010-A23/state_tier_hot_budget/base70_blowoff92_m04_d09_cap60/,E:/量化平台_V1.4.0/results/v2/research/R010-A23/state_tier_hot_budget/base70_blowoff92_m04_d09_cap60/,04_实验记录/EX-20260606T083100Z-main-D9QK_A23状态分层预算92_4_d09四段回测.md,DEC-20260606T083101Z-main-S7NP,2026-06-06T08:31:00Z,2026-06-06T03:40:00Z,A23 92/4/d09四段不差于A22 cap70且2020更好，已由U7X2同配置可见重跑复现；仍是L2 reproduced候选,后续以U7X2为复现证据，补邻近阈值、cap邻近、成本扰动和forward OOS
EX-20260605T234635Z-main-CTRD,RD-20260605T131301Z-main-KC7N,completed,attribution_with_controls_completed,主题簇主线确认收益归因与负控预注册,用B7VH四段shadow面板和净值曲线检验主题桶、金融坏桶对事件后H1/H3/H5/H10组合收益的解释力,E:/量化平台_V1.4.0/configs/research/R010-THEME/EX-20260605T234635Z-main-CTRD/theme_forward_attribution.json,E:/量化平台_V1.4.0/results/v2/research/R010-THEME/EX-20260605T234635Z-main-CTRD/forward_attribution/,04_实验记录/EX-20260605T234635Z-main-CTRD_主题簇主线确认收益归因与负控预注册.md,DEC-20260605T235338Z-main-WVZZ,2026-06-05T23:46:35Z,2026-06-05T23:58:00Z,L2_attribution_observe：6p_same正向假设失败；金融top1 H10弱于非金融且强于随机/错位负控,停止6p正向放行路线；若继续主题簇，转向金融坏桶/高集中度风险预算A/B预注册
EX-20260606T000758Z-main-VVVN,RD-20260605T131301Z-main-KC7N,completed,formal_completed_failed_no_promote,主题簇金融坏桶风险预算formal V2 AB预注册,固定测试金融top1或高主题集中度触发70%风险预算，检验是否改善路径风险且不明显牺牲收益,configs/research/R010-THEME/EX-20260606T000758Z-main-VVVN/risk_budget/,results/v2/research/R010-THEME/EX-20260606T000758Z-main-VVVN/risk_budget/,04_实验记录/EX-20260606T000758Z-main-VVVN_主题簇金融坏桶风险预算formal V2 AB预注册.md,DEC-20260605T235338Z-main-WVZZ;DEC-20260607T235302Z-main-8GQQ,2026-06-06T00:07:58Z,2026-06-07T23:53:40Z,四段三组formal完成且strict无missing/error；financial_top1_cap70只有1/4分段收益高于baseline、2/4回撤改善，四段收益差合计约-8.50个百分点；financial_or_share_ge050_cap70虽4/4回撤改善但0/4收益高于baseline，收益差合计约-69.82个百分点,不promote、不默认打开、不扩后验阈值；主题簇保留为只读诊断，交易化风险预算路线暂停
EX-20260606T012550Z-main-LM3D,RD-20260605T115651Z-main-CORE,completed,formal_32of32_completed_quality_closure_done_no_default_change,动量评分尺度与Top4排名权重预注册,检验annualization从250改为25是否只是改变score阈值语义，并测试Top4 40/30/20/10是否优于Top1和Top4等权,configs/research/RD-20260605T115651Z-main-CORE/EX-20260606T012550Z-main-LM3D/;scripts/research/analyze_lm3d_quality_closure.py,results/v2/research/RD-20260605T115651Z-main-CORE/EX-20260606T012550Z-main-LM3D/;results/v2/research/RD-20260605T115651Z-main-CORE/EX-20260606T012550Z-main-LM3D/score_diagnostic/;results/v2/research/RD-20260605T115651Z-main-CORE/EX-20260606T012550Z-main-LM3D/summary/formal_partial/;results/v2/research/RD-20260605T115651Z-main-CORE/EX-20260608T001011Z-main-YJRN/quality_closure/,04_实验记录/EX-20260606T012550Z-main-LM3D_动量评分尺度与Top4排名权重预注册.md,DEC-20260606T122535Z-main-GAAL,2026-06-06T01:25:50Z,2026-06-08T00:16:55Z,评分诊断显示ann25没有任何score>=5触发；formal已完成32/32；YJRN质量闭环显示成本压力后无候选翻转、静态审计failed_checks为空；ann25 Top1/Top4、Top4 40/30/20/10和ann250取消hard5上限均不作为默认逻辑候选,LM3D本轮质量缺口关闭；不修改默认annualization=250、Top1/A23和hard5/A23风险预算；后续不扩Top4、年化尺度或取消hard5上限网格
EX-20260606T021645Z-main-U7X2,RD-20260605T133318Z-main-H6V3,active,visible_rerun_completed_minimal_robustness_12of12_lvv7_threshold_passed_cap_cost_failed,A23 92_4_d09可见重跑与稳健性补证,A23 92/4/d09历史四段结果缺标准tee日志，本轮检验同配置可见重跑是否复现，并补最小邻近阈值矩阵判断是否孤立最优,E:/量化平台_V1.4.0/configs/research/R010-A23/state_tier_hot_budget/base70_blowoff92_m04_d09_cap60/,E:/量化平台_V1.4.0/results/v2/research/R010-A23/state_tier_hot_budget/base70_blowoff92_m04_d09_cap60/visible_rerun_20260606T021645Z/;E:/量化平台_V1.4.0/results/v2/research/R010-A23/state_tier_hot_budget/base70_blowoff92_m04_d09_cap60/2020_2021/20d7c256e02647ca9cb8e681b64bc1dc/;E:/量化平台_V1.4.0/results/v2/research/R010-A23/state_tier_hot_budget/base70_blowoff92_m04_d09_cap60/2022_2023/ab6ee67721564c1aac6c7f8cc82dea35/;E:/量化平台_V1.4.0/results/v2/research/R010-A23/state_tier_hot_budget/base70_blowoff92_m04_d09_cap60/2024/c7252b2cb5784403891acaf0adabb1bf/;E:/量化平台_V1.4.0/results/v2/research/R010-A23/state_tier_hot_budget/base70_blowoff92_m04_d09_cap60/2025_20260519/89fb1f527afc48feaac760f05117fdfc/;E:/量化平台_V1.4.0/results/v2/research/R010-A23/state_tier_hot_budget/minimal_robustness_20260606T051500Z/;E:/量化平台_V1.4.0/results/v2/research/R010-A23/state_tier_hot_budget/attribution/minimal_robustness/,04_实验记录/EX-20260606T021645Z-main-U7X2_A23 92_4_d09可见重跑与稳健性补证.md,,2026-06-06T02:16:45Z,2026-06-06T20:33:43Z,四段可见重跑完全复现D9QK；最小邻近矩阵12/12完成，LVV7已补齐阈值邻域24/24且threshold_isolated_optimum_warning=false；但LVV7 cap/cost 12/12未通过，0/3个cap/cost变体四段全部不弱于A22,A23不直接晋级；下一步做事件归因和成本/换手约束版本，默认hard5仍保留
EX-20260606T075615Z-main-LVV7,RD-20260605T133318Z-main-H6V3,completed,threshold_neighbors_passed_cap_cost_12of12_failed,A23完整邻域与cap成本稳健性补证,检验A23 92/4/d09是否在四段邻域、cap65/cap75和成本扰动下仍不弱于A22 cap70，避免孤立最优和执行成本脆弱性,E:/量化平台_V1.4.0/configs/research/R010-A23/state_tier_hot_budget/;E:/量化平台_V1.4.0/scripts/research/run_r010a23_four_segment_neighbors.sh;E:/量化平台_V1.4.0/scripts/research/run_r010a23_cap_cost_robustness.sh;E:/量化平台_V1.4.0/scripts/research/summarize_r010a23_full_robustness.py,E:/量化平台_V1.4.0/results/v2/research/R010-A23/state_tier_hot_budget/attribution/full_robustness/;E:/量化平台_V1.4.0/results/v2/research/R010-A23/state_tier_hot_budget/cap_cost_robustness_20260606T181153Z/,04_实验记录/EX-20260606T075615Z-main-LVV7_A23完整邻域与cap成本稳健性补证.md,,2026-06-06T07:56:15Z,2026-06-06T20:33:43Z,阈值邻域24/24通过；5/6个邻近组合四段均不弱于A22 cap70，threshold_isolated_optimum_warning=false；但cap/cost 12/12未通过，0/3个cap/cost变体四段全部不弱于A22，cost2x_slip2bps四段全部弱于A22,A23 92/4/d09不直接晋级；下一步新开事件级归因和成本/换手约束版本，默认hard5仍保留
EX-20260607T101347Z-main-VX4J,RD-20260605T133318Z-main-H6V3,completed,readonly_event_cost_turnover_completed_pair_cost_ab_required,A23事件归因与成本换手约束只读预注册,基于LVV7 cap/cost失败，完成A23事件/成本/换手只读归因，并把下一步收敛为同成本配对A/B,configs/research/R010-A23/state_tier_hot_budget/;scripts/research/analyze_r010a23_state_tier_hot_budget_result.py;scripts/research/summarize_r010a23_full_robustness.py;scripts/research/analyze_r010a22_hot_budget_result.py;scripts/research/analyze_vx4j_a23_event_cost_turnover_readonly.py,results/v2/research/R010-A23/state_tier_hot_budget/attribution/;results/v2/research/R010-A23/state_tier_hot_budget/attribution/full_robustness/;results/v2/research/R010-A23/state_tier_hot_budget/attribution/event_cost_turnover/EX-20260607T101347Z-main-VX4J/;results/v2/research/R010-A22/hot_score_budget/attribution/,04_实验记录/EX-20260607T101347Z-main-VX4J_A23事件归因与成本换手约束只读预注册.md,DEC-20260607T102206Z-main-XBWS,2026-06-07T10:13:47Z,2026-06-07T10:48:00Z,A23相对A22的独有收益只在2020_2021多634.92；3个broad-blowoff窗口H10增量约+774.60；2025强收益来自A22/A23共同base cap70；cost2x四段弱但缺同成本公平对照。,先做hard5/A22/A23同成本配对；通过前不扩A23阈值网格，也不新开换手约束formal
EX-20260606T183604Z-main-7YDQ,RD-20260605T133318Z-main-H6V3,completed,readonly_completed_current_target_crash_label_rejected,动量崩盘状态只读归因与错位负控,检验目标ETF近端回撤+高波动+5日反弹是否标记raw Top1相对hard5失效,scripts/research/analyze_7ydq_momentum_crash_readonly.py,results/v2/research/R010-A16/momentum_crash_state_readonly/EX-20260606T183604Z-main-7YDQ/,04_实验记录/EX-20260606T183604Z-main-7YDQ_动量崩盘状态只读归因与错位负控.md,,2026-06-06T18:36:04Z,2026-06-06T19:10:00Z,核心标签8个事件H10 raw-vs-hard5均值差+0.3439且胜率87.5%，与动量崩盘风险假设相反；剔除commodity_lof+cross_border后仅2事件且效果消失,不启动当前标签formal；若继续方向2，先建市场级宽基crash rebound只读面板
EX-20260606T185537Z-main-5KZW,RD-20260605T115651Z-main-CORE,completed,formal_16of16_completed_all_candidates_failed,多周期动量确认formal AB预注册与资源阻塞记录,检验25日Top1只有同时通过60/120或25/60/120趋势确认才买入是否比Top1 hard5更稳,scripts/research/generate_5kzw_multi_momentum_configs.py;configs/research/R010-MULTI/EX-20260606T185537Z-main-5KZW/formal/,results/v2/research/R010-MULTI/EX-20260606T185537Z-main-5KZW/formal/;results/v2/research/R010-MULTI/EX-20260606T185537Z-main-5KZW/summary/formal/,04_实验记录/EX-20260606T185537Z-main-5KZW_多周期动量确认formal AB预注册与资源阻塞记录.md,DEC-20260607T094500Z-main-RQ9M,2026-06-06T18:55:37Z,2026-06-07T01:45:00Z,16/16 formal完成；三个多周期确认候选均只有1/4分段final不低于baseline，四段合计final分别少23066.55、25284.31、19484.67；不能替代hard5或A23,关闭5KZW直接替代路线；若继续多周期，只能新开消融/负控或高分预算下的持仓管理实验
EX-20260606T191019Z-main-G4NN,RD-20260605T115651Z-main-DEF0,completed,readonly_completed_legacy_wide_market_vol_scaling_rejected_b5_boundary_observed,波动率仓位管理旧证据复核与R010B5边界预注册,复核旧宽基波动率缩放和R010-B5仓位预算证据，划定方向3是否可进入formal的边界,scripts/research/analyze_g4nn_vol_position_inventory.py;configs/research/R20260521-001/;configs/research/R20260521-002/;configs/research/R010-B5/,results/v2/research/R010-VOL/EX-20260606T191019Z-main-G4NN/,04_实验记录/EX-20260606T191019Z-main-G4NN_波动率仓位管理旧证据复核与R010B5边界预注册.md,,2026-06-06T19:10:19Z,2026-06-06T20:20:00Z,宽基常开和宽基触发波动率缩放均被旧2025结果反证；R010-B5条件化组合预算有离线候选价值但sigma_target和vol_scale仍缺失，不能直接做目标波动率公式或生产切换,GWH9和XA5G已完成下游拆分；B5暂不formal，若继续必须新开静态cap或滞后负控预注册
EX-20260606T191831Z-main-GWH9,RD-20260605T115651Z-main-DEF0,completed,readonly_completed_zero_overlap_with_a23,R010B5与A23触发重叠拆分只读审计,检验R010-B5动作日是否只是A23 92/4/d09高分预算触发日的重复表达,scripts/research/analyze_gwh9_b5_a23_overlap.py,results/v2/research/R010-VOL/EX-20260606T191831Z-main-GWH9/,04_实验记录/EX-20260606T191831Z-main-GWH9_R010B5与A23触发重叠拆分只读审计.md,,2026-06-06T19:18:31Z,2026-06-06T20:20:00Z,B5 27个动作日与A23候选49个触发日精确重叠为0，同分段自然日±1/±3/±5/±10近邻也为0；2024段B5有12个动作日而A23触发为0，说明日期层面不是A23重复表达,XA5G已完成动作日归因；B5暂不formal，若继续必须新开静态cap或滞后负控预注册
EX-20260606T193056Z-main-XA5G,RD-20260605T115651Z-main-DEF0,completed,readonly_completed_action_edge_conflict_static_cap_missing,R010B5静态平均仓位与非重合动作日归因只读审计,检验B5非重合动作日是否已有局部收益支持和同平均仓位静态cap对照,scripts/research/analyze_xa5g_b5_static_action_attribution.py,results/v2/research/R010-VOL/EX-20260606T193056Z-main-XA5G/,04_实验记录/EX-20260606T193056Z-main-XA5G_R010B5静态平均仓位与非重合动作日归因只读审计.md,,2026-06-06T19:30:56Z,2026-06-06T20:20:00Z,R2同日路径动作日统计为正，但R5局部H5/H10反事实边际转负；未找到四段同平均仓位静态cap专用对照，S3仍禁止完整公式回测和R010-B5R6,暂不启动B5 formal；若继续必须新开静态平均仓位四段对照或触发滞后一日负控预注册
EX-20260606T194733Z-main-MFNT,RD-20260605T133318Z-main-H6V3,completed,readonly_completed_market_crash_label_rejected,市场级宽基动量崩盘只读面板预注册,用510300等宽基ETF近20/60日下跌、高波动和5日反弹构造市场级crash rebound标签，检验raw Top1是否相对hard5失效,scripts/research/analyze_mfnt_market_crash_rebound_readonly.py,results/v2/research/R010-A16/market_crash_rebound_readonly/EX-20260606T194733Z-main-MFNT/,04_实验记录/EX-20260606T194733Z-main-MFNT_市场级宽基动量崩盘只读面板预注册.md,,2026-06-06T19:47:33Z,2026-06-06T19:56:41Z,核心510300标签仅3/212事件且胜率100%，any-risk-proxy虽H10为负但随机负控弱且剔除商品/跨境后转正，不能seed formal,方向2暂停formal；若未来继续，必须新开覆盖全历史的市场级日频或组合层事件面板
EX-20260606T200545Z-main-GCHV,RD-20260605T133318Z-main-H6V3,completed,readonly_seed_formal_followup_rejected_by_qk38,资产状态交互只读负控复核,固定5个资产属性×状态交互并做分段内状态置换负控，检验是否有值得进入formal的窄候选,scripts/research/analyze_gchv_asset_state_interactions_readonly.py,results/v2/research/R010-A18/asset_state_interactions/EX-20260606T200545Z-main-GCHV/,04_实验记录/EX-20260606T200545Z-main-GCHV_资产状态交互只读负控复核.md,DEC-20260606T222754Z-main-VGF5,2026-06-06T20:05:45Z,2026-06-06T22:35:00Z,commodity_tail_drawdown只读种子曾通过：24事件、跨2段、H10同资产effect +0.1476、p_abs 0.066；但下游QK38 formal已证伪，权益主题交互也不成立,不再推进commodity_lof_tail_drawdown_allow；保留为只读种子与formal组合路径差异案例
EX-20260606T201735Z-main-QK38,RD-20260605T133318Z-main-H6V3,completed,formal_8of8_failed_both_hard5_and_a23,商品LOF尾部回撤放行formal AB预注册,检验raw Top1为预注册商品LOF且dd20<=-10%或dd60<=-15%时，豁免hard5或A23条件化高分过滤是否优于对应基准,configs/research/R010-A24/commodity_tail_drawdown_allow/EX-20260606T201735Z-main-QK38/formal/hard5_ctail_allow/;configs/research/R010-A24/commodity_tail_drawdown_allow/EX-20260606T201735Z-main-QK38/formal/a23_ctail_allow/,results/v2/research/R010-A24/commodity_tail_drawdown_allow/EX-20260606T201735Z-main-QK38/formal/,04_实验记录/EX-20260606T201735Z-main-QK38_商品LOF尾部回撤放行formal AB预注册.md,DEC-20260606T222754Z-main-VGF5,2026-06-06T20:17:35Z,2026-06-06T22:35:00Z,8/8 formal完成；hard5_ctail_allow 2/4不弱且四段合计final少12042.22；a23_ctail_allow 2/4不弱且四段合计final少47231.09；不通过预注册门槛,关闭商品LOF尾部回撤放行，不扩展代码或阈值；转向5KZW formal、TC8U成本扰动或A23事件归因/成本换手约束
EX-20260607T033527Z-main-UKVS,RD-20260603T000000Z-mig-HD5EEBAA8D5EEB,completed,formal_completed_daily_repair_candidate,涨停基因小市值修复防线验证,检验历史涨停次数小市值池在风险硬过滤、环境门控和持仓优先组合后能否提升收益并降低回撤,configs/research/RD-20260603T000000Z-mig-HD5EEBAA8D5EEB/EX-20260607T033527Z-main-UKVS/repair_validation.json,results/v2/research/RD-20260603T000000Z-mig-HD5EEBAA8D5EEB/EX-20260607T033527Z-main-UKVS/,04_实验记录/EX-20260607T033527Z-main-UKVS_涨停基因小市值修复防线验证.md,DEC-20260607T032202Z-main-NQHF;DEC-20260607T035846Z-main-2NYF,2026-06-07T03:35:27Z,2026-06-07T04:05:00Z,组合防线count_p10_n6_guard_env_hold4在严格日频口径下收益+76.04%、最大回撤-26.78%，成本扰动后仍+71.68%，但只能作为日频候选,下游分钟执行复核已证明单点执行容量失败；若继续只能新开TWAP或分钟流动性过滤实验
EX-20260607T035232Z-main-8QKX,RD-20260603T000000Z-mig-HD5EEBAA8D5EEB,completed,minute_execution_failed,涨停基因组合防线分钟级执行复核,固定审计UKVS日频候选在分钟线上的成交可行性、计划时点价格偏差和单分钟容量,configs/research/RD-20260603T000000Z-mig-HD5EEBAA8D5EEB/EX-20260607T035232Z-main-8QKX/minute_execution_audit.json,results/v2/research/RD-20260603T000000Z-mig-HD5EEBAA8D5EEB/EX-20260607T035232Z-main-8QKX/,04_实验记录/EX-20260607T035232Z-main-8QKX_涨停基因组合防线分钟级执行复核.md,DEC-20260607T032202Z-main-NQHF;DEC-20260607T035846Z-main-2NYF,2026-06-07T03:52:32Z,2026-06-07T04:06:00Z,分钟级first_minute买卖通过率均47.40%，scheduled_1030_1455买入25.08%、卖出50.15%，主要失败原因为单分钟容量超限,否决当前单点分钟执行；后续必须做TWAP/分钟流动性过滤，否则停止实盘推进
EX-20260607T062555Z-main-VJDG,RD-20260603T000000Z-mig-HD5EEBAA8D5EEB,completed,formal_completed_twap_execution_passed,涨停基因组合防线TWAP执行修复验证,固定UKVS日频候选，检验TWAP窗口执行和信号日前历史分钟流动性过滤能否解除单分钟容量阻断并保留收益回撤,configs/research/RD-20260603T000000Z-mig-HD5EEBAA8D5EEB/EX-20260607T062555Z-main-VJDG/twap_execution_repair.json,results/v2/research/RD-20260603T000000Z-mig-HD5EEBAA8D5EEB/EX-20260607T062555Z-main-VJDG/;results/v2/research/RD-20260603T000000Z-mig-HD5EEBAA8D5EEB/EX-20260607T062555Z-main-VJDG/summary/,04_实验记录/EX-20260607T062555Z-main-VJDG_涨停基因组合防线TWAP执行修复验证.md,DEC-20260607T035846Z-main-2NYF;DEC-20260607T064247Z-main-GRKL,2026-06-07T06:25:55Z,2026-06-07T06:45:00Z,TWAP p05收益+71.99%、最大回撤-25.56%，p03收益+71.35%、最大回撤-26.09%，买入完成率98.18%，卖出完成率约98.57%-98.90%；历史流动性过滤在10万资金下无独立剔除,进入默认关闭shadow/observe设计；不直接实盘，先记录20-60个交易日纸面成交、滑点、未成交和容量
EX-20260607T073711Z-main-WS6K,RD-20260603T000000Z-mig-HD5EEBAA8D5EEB,completed,completed_daily_mechanism_strong_minute_capacity_failed,微盘低价涨停保护轮动公开策略复现验证,验证公开版10-20亿市值+低价前50+双周轮动+空仓月+涨停保护是否在严格成本和分钟容量下成立,configs/research/RD-20260603T000000Z-mig-HD5EEBAA8D5EEB/EX-20260607T073711Z-main-WS6K/public_micro_lowprice_rotation.json;scripts/research/backtest_public_micro_lowprice_rotation.py;scripts/research/audit_public_micro_minute_execution.py,results/v2/research/RD-20260603T000000Z-mig-HD5EEBAA8D5EEB/EX-20260607T073711Z-main-WS6K/;results/v2/research/RD-20260603T000000Z-mig-HD5EEBAA8D5EEB/EX-20260607T073711Z-main-WS6K/summary/,04_实验记录/EX-20260607T073711Z-main-WS6K_微盘低价涨停保护轮动公开策略复现验证.md,DEC-20260607T075721Z-main-DPRK,2026-06-07T07:37:11Z,2026-06-07T08:15:00Z,日频strict_base收益+755.75%、最大回撤-26.18%，但分钟单点容量严重失败，低价排序被消融反证,新开容量感知TWAP修复；若不能保持收益和成交完成率则park或kill
EX-20260607T081421Z-main-S5D6,RD-20260603T000000Z-mig-HD5EEBAA8D5EEB,completed,completed_twap_capacity_strict_base_pass_observe_not_live,微盘市值篮子TWAP容量感知修复预注册,检验公开微盘路线单点分钟容量失败后，修正未来函数风险的TWAP是否能保留收益并提高成交完成率,configs/research/RD-20260603T000000Z-mig-HD5EEBAA8D5EEB/EX-20260607T081421Z-main-S5D6/public_micro_twap_repair.json;scripts/research/backtest_public_micro_twap_repair.py,results/v2/research/RD-20260603T000000Z-mig-HD5EEBAA8D5EEB/EX-20260607T081421Z-main-S5D6/;results/v2/research/RD-20260603T000000Z-mig-HD5EEBAA8D5EEB/EX-20260607T081421Z-main-S5D6/summary/,04_实验记录/EX-20260607T081421Z-main-S5D6_微盘市值篮子TWAP容量感知修复预注册.md,DEC-20260607T075721Z-main-DPRK;DEC-20260607T084625Z-main-582N,2026-06-07T08:14:21Z,2026-06-07T08:55:00Z,修正版strict_base TWAP p03/p05/p10均通过，收益+453.73%/+444.97%/+437.12%，最大回撤-20.98%/-21.25%/-21.95%，买入完成率95.44%/95.72%/95.91%；no_low_price_sort收益更高但买入完成率94.06%-94.57%未过门槛,允许strict_base默认关闭observe；不实盘、不shadow；下一步只做no_low_price_sort流动性过滤或更长TWAP容量修复
EX-20260607T085553Z-main-SPDR,RD-20260603T000000Z-mig-HD5EEBAA8D5EEB,completed,completed_failed_simple_capacity_repair,无低价排序TWAP流动性过滤修复预注册,检验no_low_price_sort在历史流动性过滤或10:45宽窗口下能否把买入完成率提升到95%并保留收益优势,configs/research/RD-20260603T000000Z-mig-HD5EEBAA8D5EEB/EX-20260607T085553Z-main-SPDR/public_micro_no_low_liquidity_twap.json;scripts/research/backtest_public_micro_twap_repair.py,results/v2/research/RD-20260603T000000Z-mig-HD5EEBAA8D5EEB/EX-20260607T085553Z-main-SPDR/;results/v2/research/RD-20260603T000000Z-mig-HD5EEBAA8D5EEB/EX-20260607T085553Z-main-SPDR/summary/,04_实验记录/EX-20260607T085553Z-main-SPDR_无低价排序TWAP流动性过滤修复预注册.md,DEC-20260607T091838Z-main-YMEP,2026-06-07T08:55:53Z,2026-06-07T09:20:00Z,4个候选收益仍高：+610.55%到+629.68%，回撤约-18%；但买入完成率仅94.08%-94.29%，平均持仓数约33-40，未过95%和45持仓门槛,否决简单历史过滤/45分钟窗口修复；无低价排序若继续必须新开分日建仓或盘口级执行实验
EX-20260607T094505Z-main-2AM7,RD-20260603T000000Z-mig-HD5EEBAA8D5EEB,completed,completed_failed_split_entry_capacity_repair,无低价排序分日建仓TWAP容量修复预注册,检验no_low_price_sort分日建仓能否降低单日买入压力、把买入完成率提升到95%并超过S5D6 strict_base观察基准,configs/research/RD-20260603T000000Z-mig-HD5EEBAA8D5EEB/EX-20260607T094505Z-main-2AM7/public_micro_no_low_split_twap.json;scripts/research/backtest_public_micro_split_twap_repair.py,results/v2/research/RD-20260603T000000Z-mig-HD5EEBAA8D5EEB/EX-20260607T094505Z-main-2AM7/;results/v2/research/RD-20260603T000000Z-mig-HD5EEBAA8D5EEB/EX-20260607T094505Z-main-2AM7/summary/,04_实验记录/EX-20260607T094505Z-main-2AM7_无低价排序分日建仓TWAP容量修复预注册.md,DEC-20260607T091838Z-main-YMEP;DEC-20260607T095907Z-main-B43Y,2026-06-07T09:45:05Z,2026-06-07T10:05:00Z,分日建仓没有修复no_low容量：no_low split2d收益+342.25%/+347.48%、最大回撤约-17%，但买入完成率降至86.79%-86.83%；strict_base split控制组也弱于S5D6，说明分日拆仓损害策略时效,暂停no_low执行修复线；微盘路线只保留S5D6 strict_base默认关闭observe，后续转向纸面成交、盘口/tick数据接入或实盘系统dry-run
EX-20260607T083033Z-main-C35J,RD-20260605T115651Z-main-EXE0,completed,formal_completed_negative_control_triggered_observe,TopN抗抖切换延迟负控与2024归因,检验TC8U Top3/gap收益是否可被普通确认延迟或确定性随机延迟复制，并只读归因2024落后来源,configs/research/R010-TOPN/EX-20260607T083033Z-main-C35J/formal/;scripts/research/generate_c35j_topn_delay_robustness_configs.py;scripts/research/run_c35j_topn_delay_robustness.sh;scripts/research/summarize_c35j_topn_delay_robustness.py,results/v2/research/R010-TOPN/EX-20260607T083033Z-main-C35J/formal/;results/v2/research/R010-TOPN/EX-20260607T083033Z-main-C35J/summary/formal/;results/v2/research/R010-TOPN/EX-20260607T083033Z-main-C35J/attribution_2024/,04_实验记录/EX-20260607T083033Z-main-C35J_TopN抗抖切换延迟负控与2024归因.md,DEC-20260607T095915Z-main-BP3L,2026-06-07T08:30:33Z,2026-06-07T10:06:48Z,16/16 strict完成；Top3/gap相对baseline为3/4分段final不低、四段合计多4830.17且少243笔交易，但random50相对Top3/gap为3/4分段final不低、3/4分段MDD不差且四段合计多93692.92，触发负控证伪。2024归因确认Top3/gap亏损主要来自持仓错位。,执行模块保持observe；不promote Top3/gap、confirm1或random50；若继续方向4，必须新开换仓确认机制预注册并做seed敏感性、2022失败归因和成本扰动
EX-20260607T103055Z-main-K3AC,RD-20260605T133318Z-main-H6V3,completed,formal_strict_pass_a22_preferred_a23_marginal,A23同成本配对formal AB预注册,检验hard5、A22 cap70、A23 92/4/d09在统一cost2x_slip2bps口径下的收益回撤关系,configs/research/R010-A23/paired_cost/EX-20260607T103055Z-main-K3AC/formal/;configs/research/R010-A23/state_tier_hot_budget/base70_blowoff92_m04_d09_cap60_cost2x_slip2bps/;scripts/research/generate_k3ac_a23_paired_cost_configs.py;scripts/research/run_k3ac_a23_paired_cost.sh;scripts/research/summarize_k3ac_a23_paired_cost.py,results/v2/research/R010-A23/paired_cost/EX-20260607T103055Z-main-K3AC/formal/;results/v2/research/R010-A23/paired_cost/EX-20260607T103055Z-main-K3AC/logs/formal/;results/v2/research/R010-A23/paired_cost/EX-20260607T103055Z-main-K3AC/summary/formal/;results/v2/research/R010-A23/state_tier_hot_budget/base70_blowoff92_m04_d09_cap60_cost2x_slip2bps/,04_实验记录/EX-20260607T103055Z-main-K3AC_A23同成本配对formal AB预注册.md,DEC-20260607T102206Z-main-XBWS;DEC-20260607T125847Z-main-WQ8R,2026-06-07T10:30:55Z,2026-06-07T18:41:19Z,K3AC strict 12/12完成且all_gates_pass=true；A22相对hard5同成本4/4 final不低、4/4 MDD不差，合计final多37591.85；A23相对hard5合计多37626.78，但相对A22只多34.93且2025少287.02。,A22 cap70成为hard5替代研究首选挑战者；后续A22原生字段、日志日期和forward/shadow工程边界已由QXSS/A22N/EKZ8/QTFV补齐；默认仍保留hard5，不为A23扩换手约束formal。
EX-20260607T131336Z-main-QXSS,RD-20260605T133318Z-main-H6V3,completed,completed_native_mapping_audit_blocks_promote,A22原生字段与未来函数审计预注册,审计A22 cap70是否已使用原生A22字段，确认当前历史配置是否仍为A13复用并定义native flat cap70等价门槛,configs/research/R010-A22/hot_score_budget/a20_score_ge5_cap70/;scripts/research/audit_r010a22_native_field_mapping.py,results/v2/research/R010-A22/native_field_audit/EX-20260607T131336Z-main-QXSS/,04_实验记录/EX-20260607T131336Z-main-QXSS_A22原生字段与未来函数审计预注册.md,DEC-20260607T125847Z-main-WQ8R,2026-06-07T13:13:36Z,2026-06-07T13:18:14Z,A22收益证据保留但当前配置4/4仍用A13字段，既有日志A13触发49次、A22原生0次；不能promote为原生实现。,新开native A22 flat cap70等价formal，显式关闭A13并与旧A22同段同成本对齐
EX-20260607T131209Z-main-A22N,RD-20260605T133318Z-main-H6V3,completed,formal_strict_pass_a22n_native_equivalence,A22原生字段等价审计预注册,检验legacy A13字段表达与native A22 flat cap70在四段同实验中是否完全等价，服务A22字段清理而非寻找新收益,configs/research/R010-A22/native_hot_score_budget/EX-20260607T131209Z-main-A22N/formal/;scripts/research/generate_a22n_native_hot_budget_configs.py;scripts/research/run_a22n_native_hot_budget_equivalence.sh;scripts/research/summarize_a22n_native_hot_budget_equivalence.py,results/v2/research/R010-A22/native_hot_score_budget/EX-20260607T131209Z-main-A22N/formal/;results/v2/research/R010-A22/native_hot_score_budget/EX-20260607T131209Z-main-A22N/logs/formal/;results/v2/research/R010-A22/native_hot_score_budget/EX-20260607T131209Z-main-A22N/summary/formal/,04_实验记录/EX-20260607T131209Z-main-A22N_A22原生字段等价审计预注册.md,DEC-20260607T151252Z-main-A22N,2026-06-07T13:12:09Z,2026-06-07T18:41:19Z,A22N strict 8/8完成且all_gates_pass=true；legacy A13字段表达与native A22 flat cap70四段final/MDD/交易数/费用差值全为0，equity/positions/subportfolio/trades归一化hash全部一致。,A22 cap70可迁移为原生A22字段表达；后续EKZ8日志日期审计和QTFV forward/shadow边界验证已通过；默认仍保留hard5，只允许默认关闭观察或生产前门禁。
EX-20260607T152511Z-main-EKZ8,RD-20260605T133318Z-main-H6V3,completed,readonly_future_log_audit_pass,A22原生字段日志与未来函数二次审计,只读审计A22N结果中的native A22日志指纹、signal/trade日期顺序、manifest/config sha和触发次数是否支持继续进入forward/shadow边界,configs/research/R010-A22/native_hot_score_budget/EX-20260607T131209Z-main-A22N/formal/;scripts/research/audit_ekz8_a22_native_logs_future.py,results/v2/research/R010-A22/native_hot_score_budget/EX-20260607T131209Z-main-A22N/formal/;results/v2/research/R010-A22/native_hot_score_budget/EX-20260607T152511Z-main-EKZ8/future_audit/,04_实验记录/EX-20260607T152511Z-main-EKZ8_A22原生字段日志与未来函数二次审计.md,DEC-20260607T151252Z-main-A22N,2026-06-07T15:25:11Z,2026-06-07T18:41:19Z,EKZ8只读strict通过：8/8配置字段、run log、manifest config sha和signal_date顺序通过；native错误A13指纹0、legacy错误A22指纹0，触发次数2020/2022/2024/2025为9/6/0/34且legacy/native完全一致。,QTFV已补齐A22 native forward/shadow边界验证且strict通过；后续不直接promote或实盘，只允许默认关闭观察或新开生产前门禁。
EX-20260607T154134Z-main-QTFV,RD-20260605T133318Z-main-H6V3,completed,formal_strict_pass_a22_native_forward_shadow_boundary,A22原生forward shadow边界验证预注册,验证native A22 live四段能复现A22N native，且A22 shadow_on/off只写默认关闭观察日志、不改变交易产物；显式互斥A13/A22，双开仅作为静态guard。,configs/research/R010-A22/native_forward_shadow/EX-20260607T154134Z-main-QTFV/formal/;configs/research/R010-A22/native_forward_shadow/EX-20260607T154134Z-main-QTFV/guard/;scripts/research/generate_qtfv_a22_native_forward_shadow_configs.py;scripts/research/run_qtfv_a22_native_forward_shadow.sh;scripts/research/summarize_qtfv_a22_native_forward_shadow.py,results/v2/research/R010-A22/native_forward_shadow/EX-20260607T154134Z-main-QTFV/formal/;results/v2/research/R010-A22/native_forward_shadow/EX-20260607T154134Z-main-QTFV/logs/formal/;results/v2/research/R010-A22/native_forward_shadow/EX-20260607T154134Z-main-QTFV/summary/formal/,04_实验记录/EX-20260607T154134Z-main-QTFV_A22原生forward shadow边界验证预注册.md,DEC-20260607T151252Z-main-A22N;DEC-20260607T185223Z-main-HH4B,2026-06-07T15:41:34Z,2026-06-07T18:52:23Z,QTFV strict 12/12通过，10个门禁全true；native A22 live四段与A22N完全一致，shadow_on/off四段交易产物hash全一致且orders_changed=0，双开guard 4/4检出。,DEC-HH4B允许A22默认关闭观察；如继续推进，只能新开生产前forward/未来函数门禁，不因QTFV直接切换默认hard5。
EX-20260607T190303Z-main-NR75,RD-20260605T133318Z-main-H6V3,completed,static_gate_passed,A22生产前默认关闭与未来函数静态门禁,检查A22在平台源码和非研究配置中是否仍默认关闭，并复核A22N/EKZ8/QTFV既有门禁依赖是否继续通过；本轮不验证收益或实盘放行,configs/*.json;configs/validation/**/*.json;scripts/research/audit_nr75_a22_preflight_default_off.py,results/v2/research/R010-A22/preflight_default_off/EX-20260607T190303Z-main-NR75/static_audit/,04_实验记录/EX-20260607T190303Z-main-NR75_A22生产前默认关闭与未来函数静态门禁.md,DEC-20260607T185223Z-main-HH4B,2026-06-07T19:03:03Z,2026-06-07T19:08:09Z,NR75 strict静态门禁12/12通过，strict_failed为空；源码默认仍为hard5且A13/A22/shadow默认关闭，46个非研究/validation配置可解析且A13/A22相关键为0，A22N/EKZ8/QTFV依赖均通过。,沿用HH4B observe，不新建production promote；若继续，只能新开默认关闭observe配置、实盘系统dry-run或forward样本门禁。
EX-20260607T192201Z-main-YA5R,RD-20260605T133318Z-main-H6V3,completed,formal_strict_pass_hard5_shadow_isolation,A22默认关闭observe硬5路径隔离审计,在max_score=5和hard_cap默认hard5路径下，A22 shadow-only只写观察日志，不改变订单、成交、持仓、净值或subportfolio,configs/research/R010-A22/hard5_default_observe/EX-20260607T192201Z-main-YA5R/formal/;configs/research/R010-A22/hard5_default_observe/EX-20260607T192201Z-main-YA5R/guard/,results/v2/research/R010-A22/hard5_default_observe/EX-20260607T192201Z-main-YA5R/formal/;results/v2/research/R010-A22/hard5_default_observe/EX-20260607T192201Z-main-YA5R/logs/formal/;results/v2/research/R010-A22/hard5_default_observe/EX-20260607T192201Z-main-YA5R/summary/formal/,04_实验记录/EX-20260607T192201Z-main-YA5R_A22默认关闭observe硬5路径隔离审计.md,DEC-20260607T185223Z-main-HH4B,2026-06-07T19:22:01Z,2026-06-07T21:40:17Z,YA5R strict 8/8 formal完成且12个门禁全通过；hard5_shadow_on/off四段final、MDD、交易数、费用和五类hash全一致，shadow_off 4/4复现A11 hard5。四段shadow记录可见但trigger全为0，说明只验证post-hard5默认路径隔离。,保持HH4B observe，不production promote；下一步只允许实盘系统dry-run门禁或新forward样本观察审计。
EX-20260607T215224Z-main-LWC4,RD-20260605T133318Z-main-H6V3,completed,formal_strict_pass_forward_observe_gate,A22默认关闭observe近端forward样本门禁,检验A22 shadow-only在2026-05-20至2026-06-05近端forward样本只写观察日志、不改变hard5交易产物,configs/research/R010-A22/forward_observe/EX-20260607T215224Z-main-LWC4/formal/;configs/research/R010-A22/forward_observe/EX-20260607T215224Z-main-LWC4/guard/;scripts/research/generate_lwc4_a22_forward_observe_configs.py;scripts/research/run_lwc4_a22_forward_observe.sh;scripts/research/summarize_lwc4_a22_forward_observe.py,results/v2/research/R010-A22/forward_observe/EX-20260607T215224Z-main-LWC4/formal/;results/v2/research/R010-A22/forward_observe/EX-20260607T215224Z-main-LWC4/logs/formal/20260607T220100Z/;results/v2/research/R010-A22/forward_observe/EX-20260607T215224Z-main-LWC4/summary/formal/,04_实验记录/EX-20260607T215224Z-main-LWC4_A22默认关闭observe近端forward样本门禁.md,DEC-20260607T185223Z-main-HH4B,2026-06-07T21:52:24Z,2026-06-07T22:03:30Z,LWC4 strict 12/12通过，shadow_on/off final、MDD、交易数、费用和五类交易产物hash全一致；13条shadow记录均为no_hot_score_target，orders_changed=0；本机live根路径缺失，不能替代实盘dry-run。,保持HH4B observe；等待LIVE_TRADING_ROOT配置后做真实实盘系统dry-run，不production promote。
EX-20260608T001011Z-main-YJRN,RD-20260605T115651Z-main-CORE,completed,completed_readonly_quality_closure_no_default_change,LM3D成本错位与未来函数审计闭环,补齐LM3D已失败候选的只读成本压力、错位排名负控和静态未来函数审计，确认是否改变GAAL否决结论,scripts/research/analyze_lm3d_quality_closure.py;results/v2/research/RD-20260605T115651Z-main-CORE/EX-20260606T012550Z-main-LM3D/summary/formal_partial/summary.json;results/v2/research/RD-20260605T115651Z-main-CORE/EX-20260606T012550Z-main-LM3D/score_diagnostic/score_scale_summary.json,results/v2/research/RD-20260605T115651Z-main-CORE/EX-20260608T001011Z-main-YJRN/quality_closure/,04_实验记录/EX-20260608T001011Z-main-YJRN_LM3D成本错位与未来函数审计闭环.md,DEC-20260606T122535Z-main-GAAL,2026-06-08T00:10:11Z,2026-06-08T00:16:55Z,YJRN 32/32覆盖，strict_failed为空；成本压力后非基准LM3D候选无相对A23翻转且无两段以上优胜，静态未来函数审计failed_checks为空；lag/rand负控只支持排名稳定边界，不支持收益优势。,关闭LM3D质量缺口；不重启Top4、annualization=25或取消hard5上限网格；若未来重启，必须新开完整cost2x/slip2bps重跑或收益层负控预注册。
EX-20260608T003333Z-main-ARBE,RD-20260605T115651Z-main-DEF0,completed,readonly_legacy_review_completed_log_only_observe,R010C动作启动与C1失速预警旧证据复核,复核旧库R010-C/R010-C1是否能进入新库防御交易规则，或只能保留为日志层诊断,configs/research/R010-C1/r010c1_exhaustion_log_smoke_202306.json,results/v2/research/R010-C/signal_label_audit/;results/v2/research/R010-C/gate_candidate_audit/;results/v2/research/R010-C/oos_gate_rule_audit/;results/v2/research/R010-C1/a0_exhaustion_watch_audit/;results/v2/research/R010-C1/warning_lead_lag_audit/;results/v2/research/R010-C1/drawdown_coverage_audit/,04_实验记录/EX-20260608T003333Z-main-ARBE_R010C动作启动与C1失速预警旧证据复核.md,DEC-20260608T003551Z-main-DYSF,2026-06-08T00:33:33Z,2026-06-08T00:40:30Z,R010-C/C1只支持日志层观察：A0漏防诊断有局部价值，但C1对-15%深回撤窗口提前覆盖仅19.05%，2024深回撤覆盖为0,保留r010c1_*日志字段；不启动C1交易化，下一步复核A1/A2/B3/tiered-v2动作链
EX-20260608T005518Z-main-XK5W,RD-20260605T115651Z-main-DEF0,completed,readonly_legacy_review_completed_baseline_skeleton_kept,B3Gate与TieredV2旧证据复核,复核旧库B3Gate/tiered-v2是否能作为新库防御仓位骨架，或应降级为历史观察,configs/research/R010-B3/r010b3_all_weak_persist_limited2_gate_median_or_breadth_cap80_2025_20260519.json;configs/research/R010-B4/r010b4_b3_gate_tiered_v2_2025_20260519.json;configs/research/R010-B4/r010b4_b3_gate_tiered_v2_2024.json;configs/research/R010-B4/r010b4_b3_gate_tiered_v2_2022_2023.json;configs/research/R010-B4/r010b4_b3_gate_tiered_v2_2020_2021.json,results/v2/research/R010-B4/tiered_v2_split_summary/;results/v2/research/R010-B4/tiered_v2_live_mapping_audit/;results/v2/research/R010-B4/tiered_v2_live_enabled_audit/;results/v2/research/R010-B3/gate_live_mapping_audit/;results/v2/research/R010-B3/live_strategy_audit/,04_实验记录/EX-20260608T005518Z-main-XK5W_B3Gate与TieredV2旧证据复核.md,DEC-20260608T005556Z-main-U7FN,2026-06-08T00:55:18Z,2026-06-08T01:12:30Z,B3Gate/tiered-v2保留为防御仓位骨架：tiered-v2相对cap80四段拼接收益多117.30pp、最大回撤改善2.88pp；但2020回撤未改善、2022收益低约1.01pp，缺完整成本扰动和错位负控,不扩B3/tiered-v2旧参数；防御模块下一步转向A1/A2动作链、静态平均仓位对照或滞后一日负控
EX-20260608T010245Z-main-GNQH,RD-20260605T133318Z-main-H6V3,completed,readonly_closure_observe,A22收益有效性证据闭环只读复核,聚合K3AC收益、A22N原生等价、QTFV/YA5R/LWC4观察边界，判断A22是否可从default-off observe升级,scripts/research/summarize_gnqh_a22_effectiveness_closure.py,results/v2/research/R010-A22/effectiveness_closure/EX-20260608T010245Z-main-GNQH/summary/formal/,04_实验记录/EX-20260608T010245Z-main-GNQH_A22收益有效性证据闭环只读复核.md,DEC-20260608T010610Z-main-G9HZ,2026-06-08T01:02:45Z,2026-06-08T01:18:00Z,GNQH all_evidence_gates_pass=true，但promote_ready=false；A22同成本收益证据和工程边界闭环，仍因live dry-run缺失、近端trigger为0、收益证据主要来自历史四段而维持observe。,保持A22 default-off observe和默认hard5；配置LIVE_TRADING_ROOT后做实盘dry-run，或新开含真实A22触发的forward/OOS收益实验。
EX-20260608T012134Z-main-5YF3,RD-20260605T115651Z-main-DEF0,completed,readonly_legacy_review_completed_action_chain_boundary,A1A2动作链旧证据复核,复核旧库A1/A2动作链是否能直接作为防御交易逻辑，或仅保留边界/候选,configs/research/R010-B1/;configs/research/R010-B2/;configs/research/R010-A10/switch_delay_confirmation/,results/v2/research/R010-B1/a1_source_long_cycle_analysis/;results/v2/research/R010-B2/a2_slope004_split_compare/;results/v2/research/R010-D/a1_risk_layer_audit/;results/v2/research/R010-A10/a2_switch_delay_confirmation_readonly/,04_实验记录/EX-20260608T012134Z-main-5YF3_A1A2动作链旧证据复核.md,DEC-20260608T012134Z-main-T9JS,2026-06-08T01:21:34Z,2026-06-08T01:40:00Z,A1 cap-only可作为防守叠层候选但收益代价大；A2-slope004保留为进攻低换手底座而非防御；A2 current/env/delay不升级。,新开静态平均仓位四段对照或A1触发重构/滞后一日负控
EX-20260608T013754Z-main-CR32,RD-20260605T115651Z-main-DEF0,completed,formal_negative_control_failed_a1_trigger_alpha,A1 cap-only静态平均仓位对照formal,用同平均风险仓位静态cap负控检验A1 cap-only回撤改善是否只是平均仓位降低,configs/research/R010-B1/EX-20260608T013754Z-main-CR32/formal/;scripts/research/generate_cr32_a1_static_cap_configs.py;scripts/research/run_cr32_a1_static_cap_control.sh;scripts/research/summarize_cr32_a1_static_cap_control.py,results/v2/research/R010-B1/EX-20260608T013754Z-main-CR32/formal/;results/v2/research/R010-B1/EX-20260608T013754Z-main-CR32/logs/formal/;results/v2/research/R010-B1/EX-20260608T013754Z-main-CR32/summary/formal/,04_实验记录/EX-20260608T013754Z-main-CR32_A1 cap-only静态平均仓位对照formal.md,DEC-20260608T040036Z-main-WAHD,2026-06-08T01:37:54Z,2026-06-08T04:10:00Z,CR32 8/8 formal结果完整；A1 cap-only复合收益8.5238，低于static_global 9.9971和static_segment 9.9528；A1相对静态控制收益胜出1/4或2/4，MDD不差均2/4，a1_trigger_alpha_support=false。,暂停A1 cap-only交易化；A1只保留诊断字段；若继续新开触发重构formal或滞后一日触发负控。
EX-20260608T041610Z-main-B3QC,RD-20260605T115651Z-main-DEF0,completed,formal_cost_gate_passed_need_lag_negative_control,B3Gate与TieredV2成本扰动formal,用cost2x/slip2bps同成本扰动检验tiered-v2相对B3-gate-cap80的骨架优势是否稳健,configs/research/R010-B4/EX-20260608T041610Z-main-B3QC/formal/;scripts/research/generate_b3qc_tiered_cost_configs.py;scripts/research/run_b3qc_tiered_cost_formal.sh;scripts/research/summarize_b3qc_tiered_cost_formal.py;scripts/research/audit_b3qc_signal_dates.py,results/v2/research/R010-B4/EX-20260608T041610Z-main-B3QC/formal/;results/v2/research/R010-B4/EX-20260608T041610Z-main-B3QC/logs/formal/;results/v2/research/R010-B4/EX-20260608T041610Z-main-B3QC/summary/formal/,04_实验记录/EX-20260608T041610Z-main-B3QC_B3Gate与TieredV2成本扰动formal.md,DEC-20260608T072559Z-main-B3QC,2026-06-08T04:16:10Z,2026-06-08T07:25:59Z,B3QC 8/8 formal完成；tiered-v2 cost2x/slip2bps复合收益12.1507高于cap80 11.3111，拼接MDD -28.22%好于-30.37%，final与MDD均3/4不差；日期审计3084条action无违规。,新开B3Gate/tiered-v2触发滞后一日负控；不promote、不扩cap或阈值。
EX-20260606T130531Z-main-SAK6,RD-20260605T115651Z-main-EXE0,completed,formal_failed_killed,A2旧仓保留负贡献与衰减退出预注册,在当前实盘hard5+tiered-v2框架内固定测试A2旧仓衰减闸，检验能否减少旧仓短期转弱后的回撤且收益保留率不低于97%,${LEGACY_QUANT_PLATFORM_ROOT}/configs/research/RD-20260605T115651Z-main-EXE0/EX-20260606T130531Z-main-SAK6/a2_decay_live_hard5/,${LEGACY_QUANT_PLATFORM_ROOT}/results/v2/research/RD-20260605T115651Z-main-EXE0/EX-20260606T130531Z-main-SAK6/a2_decay_live_hard5/,04_实验记录/EX-20260606T130531Z-main-SAK6_A2旧仓保留负贡献与衰减退出预注册.md,DEC-20260602T000000Z-mig-D20260602R010B4TIEREDV2L1E7FB;DEC-20260605T000000Z-mig-R010OVERHEAT8BB73,2026-06-06T13:05:31Z,2026-06-07T03:42:31Z,formal四段完成；最大回撤无改善，2024 final从167005.22降到142189.82，复合收益保留率85.14%，A2衰减闸误杀2024趋势旧仓，kill，不改实盘,另开当前实盘净值曲线回撤深度仓位调整预注册，固定drawdown阈值、仓位系数、恢复滞后和收益保留条件
EX-20260607T035108Z-main-FUFW,RD-20260605T115651Z-main-EXE0,active,readonly_audit_completed_samples_passed_state_fields_pending,当前实盘净值回撤控仓样本资格审计,只针对当前实盘hard5+tiered-v2权益曲线，审计是否有不少于8个且覆盖不少于2个分段的独立回撤事件，可支持后续回撤深度仓位函数研究,${LEGACY_QUANT_PLATFORM_ROOT}/configs/research/R010-A11/score_hot_backtest/,${LEGACY_QUANT_PLATFORM_ROOT}/results/v2/research/R010-A11/score_hot_backtest/hard5/;${LEGACY_QUANT_PLATFORM_ROOT}/results/v2/research/R010-B5/,04_实验记录/EX-20260607T035108Z-main-FUFW_当前实盘净值回撤控仓样本资格审计.md,DEC-20260602T000000Z-mig-D20260602R010B4TIEREDV2L1E7FB;DEC-20260605T000000Z-mig-R010OVERHEAT8BB73,2026-06-07T03:51:08Z,2026-06-07T04:36:17Z,只读审计识别41个drawdown<=-10%候选事件，35个独立于旧R010-B5且覆盖四段，样本资格通过；但多个独立深回撤后强反弹，不能直接用回撤越深越降仓,新开默认关闭shadow实验：只在B3/tiered-v2风险状态、回撤扩张或恢复失败时测试回撤深度二级预算，并补action日志状态字段、错位负控和反弹误伤审计
EX-20260607T044830Z-main-QKYP,RD-20260605T115651Z-main-EXE0,completed,formal_completed_preregistered_failed_revise,当前实盘权益回撤状态门控二级预算预注册,在当前A2-slope004+B3 gate+tiered-v2+hard5链路不变下，测试只在strong/extreme风险状态且权益回撤恢复失败时叠加默认关闭二级预算，能否降低最大回撤且保持复合收益保留率不低于97%,${LEGACY_QUANT_PLATFORM_ROOT}/configs/research/RD-20260605T115651Z-main-EXE0/EX-20260607T044830Z-main-QKYP/equity_drawdown_budget/,${LEGACY_QUANT_PLATFORM_ROOT}/results/v2/research/RD-20260605T115651Z-main-EXE0/EX-20260607T044830Z-main-QKYP/equity_drawdown_budget/,04_实验记录/EX-20260607T044830Z-main-QKYP_当前实盘权益回撤状态门控二级预算预注册.md,DEC-20260602T000000Z-mig-D20260602R010B4TIEREDV2L1E7FB;DEC-20260605T000000Z-mig-R010OVERHEAT8BB73;DEC-20260607T101715Z-main-FQAZ,2026-06-07T04:48:30Z,2026-06-07T10:08:17Z,formal四段完成；主变体复合收益保留率99.46%，但MDD改善>=1pp分段数为0，应用3次且无明确保护样本，预注册不通过，不改实盘,park本strong/extreme恢复门控变体；若继续研究，需新开all-level+recovery gate预注册并补错位回撤、延迟状态和反弹误伤审计
EX-20260607T102858Z-main-AURT,RD-20260605T115651Z-main-EXE0,completed,formal_l1_preregistered_pass_candidate_for_negative_controls,当前实盘权益回撤全级别恢复门控二级预算预注册,在QKYP失败后测试normal级需连续未恢复、strong/extreme绕过恢复门控的默认关闭权益回撤二级预算，检验能否保留legacy在2022/2024的保护同时减少normal强反弹误伤,${LEGACY_QUANT_PLATFORM_ROOT}/configs/research/RD-20260605T115651Z-main-EXE0/EX-20260607T102858Z-main-AURT/equity_drawdown_budget/,${LEGACY_QUANT_PLATFORM_ROOT}/results/v2/research/RD-20260605T115651Z-main-EXE0/EX-20260607T102858Z-main-AURT/equity_drawdown_budget/;${LEGACY_QUANT_PLATFORM_ROOT}/results/v2/research/RD-20260605T115651Z-main-EXE0/EX-20260607T102858Z-main-AURT/equity_drawdown_budget/summary/,04_实验记录/EX-20260607T102858Z-main-AURT_当前实盘权益回撤全级别恢复门控二级预算预注册.md,DEC-20260607T101715Z-main-FQAZ;DEC-20260608T070547Z-main-8RYX,2026-06-07T10:28:58Z,2026-06-08T07:06:01Z,主候选normal_nonrec3四段复合最终权益保留率103.78%，MDD改善>=1pp分段数2，应用21次、保护样本10、强反弹误伤1，预注册L1通过；保守nonrec4保护样本7且MDD改善>=1pp仅1段，不作为主候选,不改实盘；新开AURT负控/邻域补证，优先做成本扰动、状态滞后、回撤错位和nonrec2/nonrec4窄邻域
EX-20260607T045833Z-main-JU3J,RD-20260605T115651Z-main-DP00,completed,formal_l2_backtest_completed_no_promote,ETF双池综合风控策略五年回测,固定测试TopN抗抖、成交量异常识别、波动率缩放仓位和目标ETF自身急跌风控的综合策略；2020-01-01至2026-05-19正式回测显示最大回撤改善但收益牺牲明显,${LEGACY_QUANT_PLATFORM_ROOT}/configs/research/RD-20260605T115651Z-main-DP00/EX-20260607T045833Z-main-JU3J/etf_dual_pool_composite_topn_vol_selfrisk_smoke_202501.json;${LEGACY_QUANT_PLATFORM_ROOT}/configs/research/RD-20260605T115651Z-main-DP00/EX-20260607T045833Z-main-JU3J/etf_dual_pool_composite_topn_vol_selfrisk_20200101_20260519.json,${LEGACY_QUANT_PLATFORM_ROOT}/results/v2/research/RD-20260605T115651Z-main-DP00/EX-20260607T045833Z-main-JU3J/composite_topn_vol_selfrisk/full_20200101_20260519/55c6b8236ff74b14950f7a8daa593850/summary.json,04_实验记录/EX-20260607T045833Z-main-JU3J_ETF双池综合风控策略五年回测预注册.md,,2026-06-07T04:58:33Z,2026-06-07T07:45:03Z,L2 observe：最终权益633534.01，累计收益+533.53%，年化+33.55%，MDD -26.80%；基准最终1120381.72、MDD -35.11%；回撤改善8.31pp但最终权益仅为基准56.55%，不promote,做消融、参数邻域、成本扰动和错位负控；不改默认实盘逻辑
EX-20260607T105549Z-main-3DKS,RD-20260605T115651Z-main-DP00,completed,formal_failed_killed,ETF放量斜率突破策略五年回测,替换JU3J买卖逻辑：温和放量、20/60日斜率较高、接近阶段高点时买入；跌破MA20、斜率转弱、放量下跌、固定止损或移动止损时卖出,${LEGACY_QUANT_PLATFORM_ROOT}/configs/research/RD-20260605T115651Z-main-DP00/EX-20260607T105549Z-main-3DKS/etf_dual_pool_slope_volume_breakout_smoke_202501.json;${LEGACY_QUANT_PLATFORM_ROOT}/configs/research/RD-20260605T115651Z-main-DP00/EX-20260607T105549Z-main-3DKS/etf_dual_pool_slope_volume_breakout_20200101_20260519.json,${LEGACY_QUANT_PLATFORM_ROOT}/results/v2/research/RD-20260605T115651Z-main-DP00/EX-20260607T105549Z-main-3DKS/slope_volume_breakout/full_20200101_20260519/9007b059876c48bcbce0714d184d7f65/summary.json,04_实验记录/EX-20260607T105549Z-main-3DKS_ETF放量斜率突破策略五年回测.md,,2026-06-07T10:55:49Z,2026-06-07T13:38:45Z,L2 kill：最终权益247277.54，累计收益+147.28%，年化+15.24%，MDD -51.21%，交易2158笔；同时输给原始双池和JU3J，追涨杀跌明显,不推进本组参数；若继续研究放量，先做只读归因区分放量延续、冲高回落和放量下跌
EX-20260608T110954Z-main-3MW6,RD-20260605T115651Z-main-DEF0,completed,formal_negative_control_passed_continue_review,B3Gate与TieredV2触发滞后一日负控formal,检验B3Gate/tiered-v2的防御效果是否依赖及时触发；若把B3 persistence触发整体滞后一交易日，tiered-v2不应继续完整复制B3QC成本门禁优势,configs/research/R010-B4/EX-20260608T110954Z-main-3MW6/formal/,results/v2/research/R010-B4/EX-20260608T110954Z-main-3MW6/formal/;results/v2/research/R010-B4/EX-20260608T110954Z-main-3MW6/summary/formal/,04_实验记录/EX-20260608T110954Z-main-3MW6_B3Gate与TieredV2触发滞后一日负控formal.md,DEC-20260608T072559Z-main-B3QC,2026-06-08T11:09:54Z,2026-06-11T05:55:00Z,8/8 formal完成；lag_audit_ok=true；tiered lag1复合收益11.4591低于非滞后12.1507；tiered lag1未复现B3QC成本门禁，分段final仅2/4不低、MDD仅1/4不差；lag_negative_control_pass=true,B3/tiered-v2继续保留为防御骨架但不production promote；下一步只做实盘shadow、触发日归因或极端状态持久门槛负控，不扩cap/阈值/状态标签
EX-20260607T111721Z-main-JQBL,RD-20260603T000000Z-mig-HD5EEBAA8D5EEB,completed,proxy_audit_completed_not_replication_result,避雷指南小市值源码复现与消融验证,用保守日频代理审计聚宽避雷指南80小市值源码的成本、消融、负控和分钟容量风险，不替代V2迁移收益复现,configs/research/RD-20260603T000000Z-mig-HD5EEBAA8D5EEB/EX-20260607T111721Z-main-JQBL/jq_bilei_smallcap_replay.json,results/v2/research/RD-20260603T000000Z-mig-HD5EEBAA8D5EEB/EX-20260607T111721Z-main-JQBL/;results/v2/research/RD-20260603T000000Z-mig-HD5EEBAA8D5EEB/EX-20260607T111721Z-main-JQBL/summary/,04_实验记录/EX-20260607T111721Z-main-JQBL_避雷指南小市值源码复现与消融验证.md,DEC-20260610T073214Z-main-UDJ4,2026-06-07T11:17:21Z,2026-06-10T07:55:00Z,V2迁移主回测年化约71.27%，收益复现接近聚宽；JQBL strict_base低收益是代理口径差异，不能否定迁移复现。,先审计V2迁移版实际trades容量和聚宽交易明细差异；再基于LU8B新开全样本参数化负控实验。
EX-20260610T072248Z-main-LU8B,RD-20260603T000000Z-mig-HD5EEBAA8D5EEB,completed,smoke_completed_exploratory_not_formal,80小市值持仓分散V2参数化smoke预注册,验证80小市值研究副本能否通过V2 strategy_params改变stock_num，并用8/16/30/50做短区间smoke,configs/research/RD-20260603T000000Z-mig-HD5EEBAA8D5EEB/EX-20260610T072248Z-main-LU8B/smoke/,results/v2/research/RD-20260603T000000Z-mig-HD5EEBAA8D5EEB/EX-20260610T072248Z-main-LU8B/smoke/,04_实验记录/EX-20260610T072248Z-main-LU8B_80小市值持仓分散V2参数化smoke预注册.md,DEC-20260610T073214Z-main-UDJ4,2026-06-10T07:22:48Z,2026-06-10T07:45:00Z,stock8完全复现原迁移smoke；stock16/30/50均跑通但短区间30/50未优于8/16，交易笔数随持仓数上升。,新开正式全样本参数化实验，补成本扰动、错位/随机负控和分钟容量重算。
EX-20260610T105151Z-main-3XF2,RD-20260603T000000Z-mig-HD5EEBAA8D5EEB,completed,formal_l2_completed_no_yield_candidate,80小市值收益增强首批V2矩阵,用参数化研究副本全样本测试集中持仓、轻分散、取消空仓、关闭止损和放宽价格上限能否提高真实80小市值收益，同时约束回撤、2025/2026分段和容量,configs/research/RD-20260603T000000Z-mig-HD5EEBAA8D5EEB/EX-20260610T105151Z-main-3XF2/formal/,results/v2/research/RD-20260603T000000Z-mig-HD5EEBAA8D5EEB/EX-20260610T105151Z-main-3XF2/formal/,04_实验记录/EX-20260610T105151Z-main-3XF2_80小市值收益增强首批V2矩阵.md,DEC-20260610T073214Z-main-UDJ4,2026-06-10T10:51:51Z,2026-06-10T14:06:38Z,7个预注册变体没有任何一个超过base_stock8；base年化70.66%，最终2630.26万，最接近的up30仍低9.80%；简单集中/分散、取消空仓、关闭止损和放宽价格上限均不构成收益增强。,停止扩简单参数网格；下一轮转向破板时点/破板后换强、空仓月低风险替代或候选池内动量二阶段选股。
EX-20260610T141440Z-main-QFU5,RD-20260603T000000Z-mig-HD5EEBAA8D5EEB,completed,formal_l2_completed_no_candidate,80小市值破板补仓换强与延迟卖出formal,检验昨日涨停破板后的同日补仓是否贡献收益、补仓候选按14:30/14:55当日强度排序是否优于原小市值顺序，以及延迟破板检查是否减少卖飞,configs/research/RD-20260603T000000Z-mig-HD5EEBAA8D5EEB/EX-20260610T141440Z-main-QFU5/formal/,results/v2/research/RD-20260603T000000Z-mig-HD5EEBAA8D5EEB/EX-20260610T141440Z-main-QFU5/formal/,04_实验记录/EX-20260610T141440Z-main-QFU5_80小市值破板补仓换强与延迟卖出formal.md,DEC-20260610T073214Z-main-UDJ4,2026-06-10T14:14:40Z,2026-06-11T02:50:00Z,6个预注册变体均完成；关闭破板补仓相对基准-27.97%，说明补仓不能关；正向动量、反向动量、14:55延迟和延迟+动量均未超过基准，QFU5无收益候选。,停止扩破板补仓、当日动量和14:55网格；下一步转向空仓月低风险替代或候选池前一日动量二阶段选股。
EX-20260611T060247Z-main-592F,RD-20260605T115651Z-main-DEF0,completed,formal_completed_failed_no_promote,B3弱势持久确认缩短负控formal,检验B3/tiered-v2弱势持久确认是否过慢；只把8/3/10/10缩短为3/2/3/3，并用fast cap80消融和lag1负控检查是否稳健,configs/research/R010-B4/EX-20260611T060247Z-main-592F/formal/,results/v2/research/R010-B4/EX-20260611T060247Z-main-592F/formal/;results/v2/research/R010-B4/EX-20260611T060247Z-main-592F/summary/formal/quality_gates.json,04_实验记录/EX-20260611T060247Z-main-592F_B3弱势持久确认缩短负控formal.md,DEC-20260618T124615Z-main-7JGR,2026-06-11T06:02:47Z,2026-06-18T12:46:15Z,12/12 formal完成，fast_runs_completed=true、log_audit_ok=true；fast tiered复合收益+1154.89%、MDD-27.40%，相对fast cap80有增量且lag1负控通过。,主门槛失败：fast tiered低于原tiered-v2 +1215.07%，相对原分段final仅1/4不低，2025 final少4882.88；fast_confirm3由7JGR park，不改实盘、不shadow、不observe。
EX-20260611T081458Z-main-K8LU,RD-20260611T080655Z-main-JN9Q,active,preregistered_distribution_pending,5日路径动量与过热评分重标定预注册,检验把主排序从25日路径改为5日路径，并按5日分数分布重标定过热预算，能否更早捕捉主题ETF快速切换且不恶化风险和成本,configs/research/RD-20260611T080655Z-main-JN9Q/EX-20260611T081458Z-main-K8LU/diagnostic/;configs/research/RD-20260611T080655Z-main-JN9Q/EX-20260611T081458Z-main-K8LU/formal/,results/v2/research/RD-20260611T080655Z-main-JN9Q/EX-20260611T081458Z-main-K8LU/diagnostic/;results/v2/research/RD-20260611T080655Z-main-JN9Q/EX-20260611T081458Z-main-K8LU/formal/;results/v2/research/RD-20260611T080655Z-main-JN9Q/EX-20260611T081458Z-main-K8LU/summary/,04_实验记录/EX-20260611T081458Z-main-K8LU_5日路径动量与过热评分重标定预注册.md,,2026-06-11T08:14:58Z,2026-06-11T08:18:00Z,已预注册：先用只读分布确定T_match，再跑B0/C1/C2/C3四段formal；首轮失败则不扩大网格。,审计平台参数，生成诊断脚本和formal配置。
EX-20260612T090249Z-main-9QRG,RD-20260611T080655Z-main-JN9Q,completed,formal_28of28_failed_route_parked,5日成交量与A22A23重标定formal预注册,检验5日路径失败是否来自旧成交量阈值和旧高分预算表达；重新按5日分布固定成交量放宽、A22 flat和A23 state-tier后做四段formal,configs/research/RD-20260611T080655Z-main-JN9Q/EX-20260612T090249Z-main-9QRG/diagnostic/;configs/research/RD-20260611T080655Z-main-JN9Q/EX-20260612T090249Z-main-9QRG/formal/,results/v2/research/RD-20260611T080655Z-main-JN9Q/EX-20260612T090249Z-main-9QRG/diagnostic/;results/v2/research/RD-20260611T080655Z-main-JN9Q/EX-20260612T090249Z-main-9QRG/formal/;results/v2/research/RD-20260611T080655Z-main-JN9Q/EX-20260612T090249Z-main-9QRG/summary/,04_实验记录/EX-20260612T090249Z-main-9QRG_5日成交量与A22A23重标定formal预注册.md,DEC-20260612T154000Z-main-5BU8,2026-06-12T09:02:49Z,2026-06-12T15:45:00Z,28/28 formal完成；V_relaxed=3.0、T_match=13.9451、T_strict=178.3752；所有5日变体均0/4分段final不低于25日hard5，最佳d5合计仍少235749.93。,暂停5日主排序替代路线；不改实盘默认，不继续扩成交量、A22/A23 cap或5日score阈值网格。
EX-20260612T163128Z-main-22P6,RD-20260612T163128Z-main-VZ8Q,completed,readonly_completed_failed_controls,短线热点错过事件只读归因预注册,检验5日短线强但25日hard5未选的ETF是否在H1/H3/H5/H10相对当日hard5目标有稳定正超额，并用随机同日候选和错位一日做负控,,results/v2/research/RD-20260612T163128Z-main-VZ8Q/EX-20260612T163128Z-main-22P6/,04_实验记录/EX-20260612T163128Z-main-22P6_短线热点错过事件只读归因预注册.md,DEC-20260612T163918Z-main-LFEH,2026-06-12T16:31:28Z,2026-06-12T16:50:00Z,只读面板完成：859条一日一事件，H5/H10均值略正但中位数和胜率失败；随机同日候选和前移一日负控不弱于真实事件。,方向VZ8Q进入park；不改MOMENTUM_DAYS、hard5、A22/A23，不后验扩5日rank/score/成交量/R2阈值。
EX-20260613T010025Z-main-U92N,RD-20260613T002916Z-main-5BNB,completed,readonly_data_gate_passed,13:09盘中热点事件数据可用性审计,检验9QRG候选母集是否能在13:09前稳定复原主分钟价格、累计成交额、复权VWAP、13:10入场价和H0/H1/H3/H5标签,scripts/research/audit_5bnb_intraday_data_availability.py,results/v2/research/RD-20260613T002916Z-main-5BNB/EX-20260613T010025Z-main-U92N/,04_实验记录/EX-20260613T010025Z-main-U92N_1309盘中热点事件数据可用性审计.md,,2026-06-13T01:00:25Z,2026-06-13T01:20:00Z,全量88198个ETF-日期组合通过数据门禁，主分钟13:09/13:10覆盖率均99.9263%，完整事件审计基础覆盖99.9059%；这只允许进入下一轮只读事件面板，不构成买入结论。,新开13:09盘中可交易热点事件只读面板预注册；先固定R010-A14/R010-THEME主题映射，再做随机/同主题/错位/延迟入场负控。
EX-20260613T021659Z-main-VGMH,RD-20260613T002916Z-main-5BNB,completed,readonly_event_panel_failed,1309盘中热点事件收益面板预注册,检验每日13:09 intraday Top1是否在13:10后H0/H1/H3/H5稳定强于hard5、同日随机、同主题随机、错位和延迟入场负控,scripts/research/analyze_5bnb_intraday_event_return_panel.py,results/v2/research/RD-20260613T002916Z-main-5BNB/EX-20260613T021659Z-main-VGMH/,04_实验记录/EX-20260613T021659Z-main-VGMH_1309盘中热点事件收益面板预注册.md,,2026-06-13T02:16:59Z,2026-06-13T02:40:00Z,1542个每日13:09 Top1事件，H5均值0.3156%、中位数约0.0010%、胜率50.13%；弱于hard5 0.4896%，相对hard5均值-0.1740%；同主题随机更强，前移一日同代码显著更强，朴素追涨幅榜不通过。,不改实盘；若继续5BNB，先做复权/可交易池清洗和昨日未热/首次盘中冲击新预注册，不后验采纳主题桶或TopN阈值。
EX-20260613T032446Z-main-H35F,RD-20260613T032439Z-main-SC65,completed,formal_completed_standalone_failed_data_exception,动态池资金热度因子策略还原四段回测预注册,不调参还原公开聚宽动态核心池+热点行业池+资金热度ETF轮动策略，验证其本身是否具备继续拆模块研究价值,configs/research/RD-20260613T032439Z-main-SC65/EX-20260613T032446Z-main-H35F/smoke/;configs/research/RD-20260613T032439Z-main-SC65/EX-20260613T032446Z-main-H35F/formal/,results/v2/research/RD-20260613T032439Z-main-SC65/EX-20260613T032446Z-main-H35F/smoke/;results/v2/research/RD-20260613T032439Z-main-SC65/EX-20260613T032446Z-main-H35F/formal/;results/v2/research/RD-20260613T032439Z-main-SC65/EX-20260613T032446Z-main-H35F/summary/,04_实验记录/EX-20260613T032446Z-main-H35F_动态池资金热度因子策略还原四段回测预注册.md,DEC-20260613T064749Z-main-LYS9,2026-06-13T03:24:46Z,2026-06-13T06:50:00Z,smoke跑通；dynheat_clone和baseline_dual_pool各四段formal均exit_status=0。动态热度完整策略0/4分段final不低于基线，2020_2021少104779.19，2022_2023少40564.49，2024少24423.20；2025_20260519另有515050复权/份额断点污染。,完整公开策略路线park，不改实盘；若继续资金热度方向，需新开ETF复权断点清洗和单模块消融预注册。
EX-20260613T110139Z-main-7HKT,RD-20260613T110126Z-main-FWZE,completed,diagnostic_full_gate_failed_formal_blocked,动态资金热度复权门禁与单模块消融预注册,检验动态ETF候选池和近5日/近30日成交额资金热度是否在当前双池框架中有独立增量；先过ETF复权/份额断点门禁，再跑单模块消融和负控。,configs/research/RD-20260613T110126Z-main-FWZE/EX-20260613T110139Z-main-7HKT/diagnostic/;configs/research/RD-20260613T110126Z-main-FWZE/EX-20260613T110139Z-main-7HKT/formal/,results/v2/research/RD-20260613T110126Z-main-FWZE/EX-20260613T110139Z-main-7HKT/diagnostic/;results/v2/research/RD-20260613T110126Z-main-FWZE/EX-20260613T110139Z-main-7HKT/formal/;results/v2/research/RD-20260613T110126Z-main-FWZE/EX-20260613T110139Z-main-7HKT/summary/,04_实验记录/EX-20260613T110139Z-main-7HKT_动态资金热度复权门禁与单模块消融预注册.md,DEC-20260613T122346Z-main-X7PJ,2026-06-13T11:01:39Z,2026-06-13T12:30:00Z,全ETF全区间复权/份额断点门禁失败：扫描1665只ETF发现119条断点，覆盖109只ETF，gate_pass=false；这只说明数据门禁失败，不评价资金热度有效性。,暂停A1/A2/A3/A4收益formal；先分类并修复复权/份额断点，或制定只用信号日前可得信息的黑名单/禁买窗口，再重跑门禁。
EX-20260614T040739Z-main-HMZ3,RD-20260613T110126Z-main-FWZE,completed,diagnostic_classification_completed_formal_still_blocked,ETF复权断点分类与可见日黑名单预注册,对7HKT的119条ETF复权/份额断点做固定规则分类，区分可能真实份额折算、轻微rebase和高风险factor-only异常，并冻结后续清洗/黑名单边界。,scripts/research/classify_7hkt_adjustment_breaks.py,results/v2/research/RD-20260613T110126Z-main-FWZE/EX-20260614T040739Z-main-HMZ3/diagnostic/break_classification/;results/v2/research/RD-20260613T110126Z-main-FWZE/EX-20260614T040739Z-main-HMZ3/summary/,04_实验记录/EX-20260614T040739Z-main-HMZ3_ETF复权断点分类与可见日黑名单预注册.md,,2026-06-14T04:07:39Z,2026-06-14T04:35:00Z,分类脚本复现119条finding；116条factor与真实价乘积连续，3条factor-only高风险异常全部来自515050.XSHG；输出5条禁评估窗口候选；classification_pass=true但只代表可分桶。,formal仍暂停；下一步做515050源头核对、事件日前可见性证明和同口径门禁V2重跑。
EX-20260614T042453Z-main-LKLT,RD-20260613T110126Z-main-FWZE,completed,visibility_gate_v2_completed_formal_still_blocked,ETF断点可见性证明与门禁V2预注册,将HMZ3坏窗口拆成历史评估剔除和事件日后可见live block候选，验证不能把事后窗口原样用于实盘过滤。,scripts/research/audit_lklt_etf_adjustment_visibility_v2.py,results/v2/research/RD-20260613T110126Z-main-FWZE/EX-20260614T042453Z-main-LKLT/diagnostic/visibility_gate_v2/;results/v2/research/RD-20260613T110126Z-main-FWZE/EX-20260614T042453Z-main-LKLT/summary/,04_实验记录/EX-20260614T042453Z-main-LKLT_ETF断点可见性证明与门禁V2预注册.md,DEC-20260613T122346Z-main-X7PJ,2026-06-14T04:24:53Z,2026-06-14T04:45:00Z,V2读取119行分类和5条坏窗口；3条factor-only均形成下一交易日live block候选，same_day_live_usable_rows=0，visibility_design_pass=true。,formal仍暂停；下一步做515050源头修复或对B0/G0和候选变体同口径的保守隔离规则，再重跑数据门禁。
EX-20260614T053814Z-main-RYSD,RD-20260613T110126Z-main-FWZE,completed,root_cause_identified_data_basis_mismatch,515050复权因子断点根因诊断,验证515050异常是否来自前复权factor与真实价底座生效日错位，而非动态池资金热度策略自身逻辑。,scripts/research/audit_515050_factor_root_cause.py,results/v2/research/RD-20260613T110126Z-main-FWZE/EX-20260614T053814Z-main-RYSD/diagnostic/root_cause/;results/v2/research/RD-20260613T110126Z-main-FWZE/EX-20260614T053814Z-main-RYSD/summary/,04_实验记录/EX-20260614T053814Z-main-RYSD_515050复权因子断点根因诊断.md,DEC-20260613T122346Z-main-X7PJ,2026-06-14T05:38:14Z,2026-06-14T05:56:00Z,只读诊断复现4个factor断点：2024-02-01、2025-01-02、2026-05-06为factor-only；2026-05-13为真实1:3拆分类事件。根因是jq_bar_daily.factor与真实价生效日错位，并被use_real_price持仓调整放大。,先修复或隔离515050 factor-only区间，再重跑7HKT/HMZ3/LKLT门禁；门禁过前不恢复动态池资金热度收益formal。
EX-20260614T070420Z-main-MJU9,RD-20260613T110126Z-main-FWZE,completed,raw_table_factor_consistency_gate_failed,全量ETF除权因子一致性审计,从原始表视角检查全ETF的jq_bar_daily.factor、jq_bar_daily_real真实价和jq_adjust_factor是否在除权/拆分事件上保持一致。,scripts/research/audit_mju9_etf_factor_consistency.py,results/v2/research/RD-20260613T110126Z-main-FWZE/EX-20260614T070420Z-main-MJU9/diagnostic/factor_consistency/;results/v2/research/RD-20260613T110126Z-main-FWZE/EX-20260614T070420Z-main-MJU9/summary/,04_实验记录/EX-20260614T070420Z-main-MJU9_全量ETF除权因子一致性审计.md,DEC-20260613T122346Z-main-X7PJ,2026-06-14T07:04:20Z,2026-06-14T07:16:00Z,扫描1703只ETF发现126条断点，覆盖116只ETF；37条高风险覆盖35只ETF，其中factor_only_jump=3、factor_jump_missing_real=27、price_jump_without_factor=7；gate_pass=false。,先做高风险断点修复或同口径隔离，再重跑7HKT/HMZ3/LKLT/MJU9；门禁通过前不恢复动态池资金热度收益formal。
EX-20260614T083146Z-main-R7N7,RD-20260613T110126Z-main-FWZE,completed,isolation_rule_generated_formal_still_blocked,ETF高风险除权断点隔离规则,为MJU9发现的37条高风险ETF除权断点生成不引入同日未来信息的历史剔除和live block候选规则。,scripts/research/build_r7n7_etf_high_risk_isolation_policy.py,results/v2/research/RD-20260613T110126Z-main-FWZE/EX-20260614T083146Z-main-R7N7/diagnostic/high_risk_isolation/;results/v2/research/RD-20260613T110126Z-main-FWZE/EX-20260614T083146Z-main-R7N7/summary/,04_实验记录/EX-20260614T083146Z-main-R7N7_ETF高风险除权断点隔离规则.md,DEC-20260613T122346Z-main-X7PJ,2026-06-14T08:31:46Z,2026-06-14T08:45:00Z,R7N7-v1覆盖37/37高风险事件、35只ETF，生成37条历史局部剔除、37条live block和10条状态窗口候选；same_day_live_usable_rows=0，isolation_design_pass=true，但formal_resume_gate_pass=false。,将R7N7-v1接入MJU9/7HKT/HMZ3/LKLT同口径门禁重跑；通过前不跑收益formal。
EX-20260617T152809Z-main-JVTQ,RD-20260613T110126Z-main-FWZE,completed,data_gate_rerun_historical_isolation_pass_live_repair_blocked,R7N7同口径隔离后复权门禁重跑,复核R7N7-v1是否按baseline/B0/G0/A1/A2/A3/A4同口径覆盖MJU9/HMZ3高风险断点，并区分历史收益消融可恢复与live/source repair仍阻断。,scripts/research/audit_jvtq_r7n7_isolated_gate_rerun.py,results/v2/research/RD-20260613T110126Z-main-FWZE/EX-20260617T152809Z-main-JVTQ/diagnostic/r7n7_isolated_gate/,04_实验记录/EX-20260617T152809Z-main-JVTQ_R7N7同口径隔离后复权门禁重跑.md,DEC-20260613T122346Z-main-X7PJ,2026-06-17T15:28:09Z,2026-06-17T15:36:00Z,R7N7-v1同口径复核通过历史隔离门禁：MJU9高风险残留0、HMZ3阻断类残留0、变体覆盖失败0、同日live过滤0，historical_isolation_gate_pass=true、live_boundary_gate_pass=true、formal_resume_gate_pass=true；但source_repair_required_rows=37、live_repair_gate_pass=false。,允许下一步新开baseline/B0/G0/A1/A2/A3/A4同口径历史收益消融预注册；不改实盘、不shadow、不把R7N7-v1当作live自动修复规则。
EX-20260617T154411Z-main-VYNR,RD-20260613T110126Z-main-FWZE,completed,formal_completed_failed,R7N7同口径动态资金热度历史消融,在当前双池骨架和同一R7N7-v1历史剔除口径下，额外动态热点池或资金热度排序是否能减少25日路径滞后并带来分段收益增量。,configs/research/RD-20260613T110126Z-main-FWZE/EX-20260617T154411Z-main-VYNR/,results/v2/research/RD-20260613T110126Z-main-FWZE/EX-20260617T154411Z-main-VYNR/,04_实验记录/EX-20260617T154411Z-main-VYNR_R7N7同口径动态资金热度历史消融.md,DEC-20260613T122346Z-main-X7PJ;DEC-20260617T203236Z-main-3CSW,2026-06-17T15:44:11Z,2026-06-17T20:40:00Z,24/24 formal完成，overview.completed=true。A1/A2/A3均未同时满足分段胜率、合计final和负控解释要求：A1 1/4且合计-107486.67，A2 2/4但合计-88240.56，A3 0/4且合计-193762.38；随机池也2/4，滞后热度近端胜出。,执行3CSW park决策；FWZE不改实盘、不shadow、不observe、不后验扩热度窗口/权重/动态池规模/seed。
EX-20260614T115453Z-main-RNEU,RD-20260614T115209Z-main-T6R6,completed,park_falsified,残差动量vs25日加权回归路径四段formal预注册,验证单因子市场模型残差25日动量评分相对现有25日加权回归路径hard5，是否有组合层面的收益/风险改善，且是正交信号(相关系数<0.9)。,configs/research/RD-20260614T115209Z-main-T6R6/EX-20260614T115453Z-main-RNEU/,results/v2/research/RD-20260614T115209Z-main-T6R6/EX-20260614T115453Z-main-RNEU/,04_实验记录/EX-20260614T115453Z-main-RNEU_残差动量vs25日加权回归路径四段formal预注册.md,DEC-20260615T001218Z-main-SD2Y,2026-06-14T11:54:53Z,2026-06-15T00:10:00Z,PARK证伪。4/4段final全落后hard5(-22.5%~-78.1%)，MDD恶化(2022_2023 -42.38% vs -24.39%)，换手翻倍(2024段463笔vs281笔)。核心假设被反证：ETF已分散特质风险，残差语义失效。,park残差动量。不扩窗口/因子网格。转推52周高点和DM方向。
EX-20260614T115454Z-main-MCWS,RD-20260614T115209Z-main-R25X,completed,park_engineering_limited_2of4,52周高点组合信号四段formal预注册,验证52周高点距离(nearness)作为与25日动量正交的第二信号，组合评分或交叉过滤后是否优于单动量Top1 hard5。,configs/research/RD-20260614T115209Z-main-R25X/EX-20260614T115454Z-main-MCWS/,results/v2/research/RD-20260614T115209Z-main-R25X/EX-20260614T115454Z-main-MCWS/,04_实验记录/EX-20260614T115454Z-main-MCWS_52周高点组合信号四段formal预注册.md,,2026-06-14T11:54:54Z,2026-06-15T10:00:00Z,PARK(工程受限弱证伪)。2/4段final不低(2020_2021+6.0%✅/2024+2.9%✅/2022_2023-11.6%❌/2025-5.4%❌)。2020_2021 broad blowoff实质改善(MDD改善1.5pp)，换手未恶化。关键局限：lookback=25日非原始252日(ClickHouse性能限制)，结论不能外推。区别于残差动量0/4强证伪。,park但不写已证伪。下一步先解决252日lookback的ClickHouse性能问题(缓存到context)，再用252日重跑4段。不在25日基础上扩alpha网格。
EX-20260614T115454Z-main-J7EF,RD-20260614T115209Z-main-MCYG,active,engineering_smoke_warning,DM式事前暴露vs B3事后门控四段formal预注册,验证DM式事前暴露(动量方差倒数×市场状态门控)相对B3/tiered-v2事后门控，能否在2020_2021段改善回撤≥1pp而不显著伤害其他段。,configs/research/RD-20260614T115209Z-main-MCYG/EX-20260614T115454Z-main-J7EF/formal/,results/v2/research/RD-20260614T115209Z-main-MCYG/EX-20260614T115454Z-main-J7EF/formal/,04_实验记录/EX-20260614T115454Z-main-J7EF_DM式事前暴露vs B3事后门控四段formal预注册.md,,2026-06-14T11:54:54Z,2026-06-17T14:45:00Z,2024工程烟测提示当前DM实现不应直接全量formal：baseline 167005.22/-26.99%，dm_var_state 151635.12/-28.83%，dm_var_only 155427.00/-29.15%，dm_shuffled_var 159667.80/-26.98%；负控高于主候选，说明近端方差缩放未解决滞后。,暂缓J7EF当前实现的20组formal；若继续DM须新开修订实验，不得看过2024后直接改本实验参数。优先转向盘中首次冲击或rolling learning-to-rank。
EX-20260617T144855Z-main-VZDA,RD-20260613T002916Z-main-5BNB,completed,readonly_first_shock_partial_fail,盘中首次冲击事件收益面板,验证昨日未热、今日13:09前日内冲击、站上VWAP、距高点回撤不大且同主题扩散的ETF，是否能减少朴素13:09 Top1的滞后性。,scripts/research/analyze_5bnb_first_intraday_shock_panel.py,results/v2/research/RD-20260613T002916Z-main-5BNB/EX-20260617T144855Z-main-VZDA/,04_实验记录/EX-20260617T144855Z-main-VZDA_盘中首次冲击事件收益面板.md,,2026-06-17T14:48:55Z,2026-06-17T14:54:57Z,612个首次冲击事件，H5均值0.4780%略高于hard5 0.4600%，也高于同日随机0.2362%和同主题随机0.2583%；但相对hard5中位数为0、超额胜率47.06%、分段仅2/4为正，前移一日同代码H5均值4.2414%，滞后性未解决。,不进入交易回测，不扩VZDA阈值网格；下一步转向R²之外的非线性/收缩排序或新增5BNB park决策卡。
EX-20260617T150155Z-main-GU38,RD-20260613T002916Z-main-5BNB,completed,readonly_rolling_ranker_partial_fail,R方之外滚动收缩排序只读面板,验证不用历史路径R²，而用滚动IC收缩和Ridge收缩直接学习未来H5相对hard5超额排序，是否能减少13:09价格强势的滞后性。,scripts/research/analyze_5bnb_rolling_shrinkage_ranker.py,results/v2/research/RD-20260613T002916Z-main-5BNB/EX-20260617T150155Z-main-GU38/,04_实验记录/EX-20260617T150155Z-main-GU38_R方之外滚动收缩排序只读面板.md,,2026-06-17T15:01:55Z,2026-06-17T15:08:00Z,1285个滚动样本外事件日；IC/Ridge H5均值0.5538%/0.5448%，高于hard5 0.4552%、随机权重0.0854%、错位标签0.3179%和同日随机0.2117%；但H5超额中位数仍为0，超额胜率约45%，前移一日同代码H5均值0.9539%仍更强，readonly_pass=false。,保留R²之外直接排序方向为revise，不进入交易回测；下一步若继续须新开pairwise/listwise learning-to-rank v2并专门处理前N日同代码/同主题已热残余。
EX-20260617T151048Z-main-MYHU,RD-20260613T002916Z-main-5BNB,completed,readonly_listwise_v2_failed,R方之外Listwise排序与前热残余过滤只读面板,验证同日横截面listwise排序并过滤前5日同代码/同主题已热残余，是否能修复GU38前移一日负控失败。,scripts/research/analyze_5bnb_listwise_ranker_v2.py,results/v2/research/RD-20260613T002916Z-main-5BNB/EX-20260617T151048Z-main-MYHU/,04_实验记录/EX-20260617T151048Z-main-MYHU_R方之外Listwise排序与前热残余过滤只读面板.md,DEC-20260617T151659Z-main-UAYF,2026-06-17T15:10:48Z,2026-06-17T15:18:00Z,主模型listwise_code_guard H5均值0.5311%高于hard5 0.4552%、随机权重0.2550%、错位rank 0.3977%和同日随机0.1505%；但低于no_guard 0.7253%，超额中位数0、超额胜率49.81%、分段2/4正，前移一日同代码H5 0.5725%仍更强，readonly_pass=false。,支持5BNB park；不进入交易回测，不继续围绕13:09盘中热点扩阈值、窗口、lambda、特征池或listwise变体。
EX-20260617T204318Z-main-MTEX,RD-20260617T204310Z-main-Q88K,completed,readonly_completed_failed_revise,非R方日频横截面排序只读面板,验证不用R²、改用前一日可见多维横截面特征和滚动PLS/收缩排序，能否减少hard5滞后并预测下一交易日起H5相对收益。,scripts/research/analyze_core_non_r2_cross_section_ranker.py,results/v2/research/RD-20260617T204310Z-main-Q88K/EX-20260617T204318Z-main-MTEX/,04_实验记录/EX-20260617T204318Z-main-MTEX_非R方日频横截面排序只读面板.md,DEC-20260617T205354Z-main-W29B,2026-06-17T20:43:18Z,2026-06-17T20:58:00Z,主模型rolling_pls1_non_r2事件1279，H5均值0.3160%低于hard5 0.4518%和fixed blend 0.5876%；H5相对hard5均值-0.1358%、中位数0、胜率47.38%、分段1/4正，readonly_pass=false。fixed blend四段均值正超额但只是对照组。,Q88K进入revise；不改实盘、不shadow、不observe、不扩PLS/Ridge参数。若继续只能新开fixed_non_r2_blend组合级formal预注册并补成本、换手和负控。
EX-20260617T210334Z-main-9VWX,RD-20260617T204310Z-main-Q88K,completed,engineering_smoke_economic_gate_failed,固定非R方blend组合级formal,验证MTEX中fixed_non_r2_blend只读均值线索迁移到真实双池组合回测后，是否仍能降低hard5滞后并保留收益/回撤优势。,scripts/research/generate_q88k_fixed_non_r2_blend_configs.py;configs/research/RD-20260617T204310Z-main-Q88K/EX-20260617T210334Z-main-9VWX/,results/v2/research/RD-20260617T204310Z-main-Q88K/EX-20260617T210334Z-main-9VWX/,04_实验记录/EX-20260617T210334Z-main-9VWX_固定非R方blend组合级formal.md,DEC-20260617T212155Z-main-9PRQ,2026-06-17T21:03:34Z,2026-06-17T21:24:00Z,平台编译通过并生成16个配置；2024 smoke exit 0且logs.jsonl显示Q88K fixed_non_r2_blend启用，但final 107562.26低于hard5 167005.22，MDD -33.78%差于hard5 -26.99%，交易278接近hard5 281。,触发Q88K park；不继续跑fixed blend四段formal/随机负控/成本扰动，不改实盘、不shadow、不observe、不扩权重/lookback/seed。
EX-20260617T212938Z-main-LJQ7,RD-20260614T115209Z-main-MCYG,completed,readonly_completed_failed_revise,DM前置风险标签只读面板,验证A1中已有高波动低广度、高离散和过热动量标签是否能比未标记A1和错位负控更早指向未来10日路径回撤。,scripts/research/analyze_ljq7_dm_front_risk_labels.py;results/v2/research/R010-B4/b3_gate_tiered_v2_*/,results/v2/research/RD-20260614T115209Z-main-MCYG/EX-20260617T212938Z-main-LJQ7/,04_实验记录/EX-20260617T212938Z-main-LJQ7_DM前置风险标签只读面板.md,DEC-20260617T215629Z-main-UARF,2026-06-17T21:29:38Z,2026-06-17T21:58:00Z,broad-any主标签失败：支持383/591但H10路径风险只比未标记A1多差0.73pp，already_dd5_rate为53.26%；过热动量子标签更集中，支持188、H10多差1.35pp、preemptive_bad10_lift为20.11pp。,不采纳broad-any；过热动量子标签只允许承接到XA5U经济smoke，不能回填为本实验通过。
EX-20260617T213634Z-main-XA5U,RD-20260614T115209Z-main-MCYG,completed,smoke_completed_pass_formal_candidate,过热动量前置暴露D2 smoke,"验证已有R010D_D2_OVERHEAT(cap=0.90, keep_current=true)在2024真实组合中是否相对当前B3/tiered-v2 baseline改善回撤且不伤收益。",scripts/research/generate_xa5u_r010d_overheat_smoke_configs.py;configs/research/RD-20260614T115209Z-main-MCYG/EX-20260617T213634Z-main-XA5U/smoke/,results/v2/research/RD-20260614T115209Z-main-MCYG/EX-20260617T213634Z-main-XA5U/smoke/,04_实验记录/EX-20260617T213634Z-main-XA5U_过热动量前置暴露D2 smoke.md,DEC-20260617T215629Z-main-UARF,2026-06-17T21:36:34Z,2026-06-17T21:58:00Z,2024 smoke通过：baseline final 167005.22/MDD -26.99%/交易281；D2-overheat final 181373.71/MDD -22.80%/交易255，触发36次，economic_smoke_pass=true。,新开四段formal并补延迟一日触发、随机overheat日期、成本扰动和动作归因；不改实盘、不shadow、不observe、不扩阈值/cap。
EX-20260617T220410Z-main-B6FL,RD-20260614T115209Z-main-MCYG,completed,formal_completed_failed_revise_cost_control_invalid,过热动量D2四段formal与负控,"验证R010D_D2_OVERHEAT(cap=0.90, keep_current=true)是否在四段样本中改善收益-回撤，并通过延迟一日、随机触发和成本扰动负控。",scripts/research/generate_b6fl_r010d_overheat_formal_configs.py;configs/research/RD-20260614T115209Z-main-MCYG/EX-20260617T220410Z-main-B6FL/formal/,results/v2/research/RD-20260614T115209Z-main-MCYG/EX-20260617T220410Z-main-B6FL/formal/summary/summary.json;results/v2/research/RD-20260614T115209Z-main-MCYG/EX-20260617T220410Z-main-B6FL/formal/summary/segment_summary.csv,04_实验记录/EX-20260617T220410Z-main-B6FL_过热动量D2四段formal与负控.md,DEC-20260617T215629Z-main-UARF;DEC-20260618T024516Z-main-UR6S,2026-06-17T22:04:10Z,2026-06-18T02:50:00Z,四段formal失败：candidate final胜baseline仅2/4，MDD改善仅1/4，random负控仅2/4低于候选；2020_2021和2025_20260519均明显落后baseline。成本变体4/4与候选完全相同，cost_control_valid=false，不能作为成本通过证据。,D2-overheat不推广、不observe、不shadow、不改实盘；MCYG下一步只允许新开只读概率/分位数风险面板，不扩cap、阈值、keep_current或随机seed。
EX-20260618T030506Z-main-K3YL,RD-20260614T115209Z-main-MCYG,completed,readonly_completed_pass_observe_only,崩溃概率与下尾分位数只读面板,验证A1且未已回撤5%的日期中，非R方风险标签是否能用Brier/log loss和10% check loss预测未来H10路径回撤。,scripts/research/analyze_k3yl_crash_prob_quantile_readonly.py;results/v2/research/RD-20260614T115209Z-main-MCYG/EX-20260617T212938Z-main-LJQ7/ljq7_action_panel.csv,results/v2/research/RD-20260614T115209Z-main-MCYG/EX-20260618T030506Z-main-K3YL/summary.json;results/v2/research/RD-20260614T115209Z-main-MCYG/EX-20260618T030506Z-main-K3YL/k3yl_oos_metrics.csv,04_实验记录/EX-20260618T030506Z-main-K3YL_崩溃概率与下尾分位数只读面板.md,,2026-06-18T03:05:06Z,2026-06-18T03:20:00Z,只读L1通过：主宇宙254行、95个bad10事件；r010d_overheat_binary Brier胜常数2/3、胜r2_only 2/3，10% check loss胜常数2/3，风险桶提升2/3，延迟/未来错位/随机负控未复制。,仅observe-only；不交易化、不shadow、不改实盘。若继续，必须新开极小动作smoke并把2025_20260519误伤作为硬门槛。
EX-20260618T032837Z-main-5LLS,RD-20260614T115209Z-main-MCYG,completed,smoke_partial_hard_gate_failed_no_promote,过热高波低广度严格动作smoke,验证既有R010D_D3_STRICT是否在保留2024保护的同时不误伤2025强趋势。,scripts/research/generate_5lls_r010d_d3_strict_smoke_configs.py;scripts/research/summarize_5lls_r010d_d3_strict_smoke.py;configs/research/RD-20260614T115209Z-main-MCYG/EX-20260618T032837Z-main-5LLS/smoke/,results/v2/research/RD-20260614T115209Z-main-MCYG/EX-20260618T032837Z-main-5LLS/smoke/summary/summary.json;results/v2/research/RD-20260614T115209Z-main-MCYG/EX-20260618T032837Z-main-5LLS/smoke/summary/segment_summary.csv,04_实验记录/EX-20260618T032837Z-main-5LLS_过热高波低广度严格动作smoke.md,,2026-06-18T03:28:37Z,2026-06-18T05:18:44Z,D3 strict关键段失败：2024 final小幅高于baseline但MDD更差；2025 final为baseline的97.47%，低于预注册98%误伤硬门槛。,停止D3 strict动作升级；MCYG保持K3YL只读observe-only，若继续则回到概率/分位数只读层。
EX-20260618T052620Z-main-Z78J,RD-20260614T115209Z-main-MCYG,completed,readonly_completed_failed_no_action,过热后趋势继续判别只读面板,验证过热之后能否用趋势支撑、广度、波动和离散度区分H10坏路径与强趋势继续。,scripts/research/analyze_z78j_overheat_trend_continuation_readonly.py,results/v2/research/RD-20260614T115209Z-main-MCYG/EX-20260618T052620Z-main-Z78J/summary.json;results/v2/research/RD-20260614T115209Z-main-MCYG/EX-20260618T052620Z-main-Z78J/quality_gates.json;results/v2/research/RD-20260614T115209Z-main-MCYG/EX-20260618T052620Z-main-Z78J/z78j_oos_metrics.csv;results/v2/research/RD-20260614T115209Z-main-MCYG/EX-20260618T052620Z-main-Z78J/z78j_overheat_bucket_spread.csv,04_实验记录/EX-20260618T052620Z-main-Z78J_过热后趋势继续判别只读面板.md,,2026-06-18T05:26:20Z,2026-06-18T05:31:22Z,Z78J失败：guarded overheat Brier虽2/3胜K3YL，但10% check loss对K3YL为0/3胜；2025 overheat低风险桶bad10反而68.75%，高于高风险桶40.00%。,不从Z78J进入动作smoke；停止沿同一overheat趋势支撑守门调参，若继续需不同机制只读面板。
EX-20260618T054329Z-main-8UP9,RD-20260605T133318Z-main-H6V3,completed,no_trigger_observe_only,A22近端forward触发收益门禁,验证LWC4之后未使用近端窗口2026-06-08至2026-06-17中，A22 live cap70能否相对hard5减少滞后且出现真实A22触发。,scripts/research/generate_8up9_a22_forward_oos_configs.py;scripts/research/run_8up9_a22_forward_oos.sh;scripts/research/summarize_8up9_a22_forward_oos.py;configs/research/R010-A22/forward_oos/EX-20260618T054329Z-main-8UP9/,results/v2/research/R010-A22/forward_oos/EX-20260618T054329Z-main-8UP9/summary/formal/summary.json;results/v2/research/R010-A22/forward_oos/EX-20260618T054329Z-main-8UP9/summary/formal/segment_metrics.csv;results/v2/research/R010-A22/forward_oos/EX-20260618T054329Z-main-8UP9/logs/formal/20260618T055015Z/,04_实验记录/EX-20260618T054329Z-main-8UP9_A22近端forward触发收益门禁.md,,2026-06-18T05:43:29Z,2026-06-18T05:53:30Z,工程门禁全过但无真实触发：4/4 runs完成，strict_failed=[]；hard5与A22 live final均为103886.19、MDD均-6.2365%、交易均9；A22 live fingerprint=0，shadow trigger=0，8/8 shadow日志为no_hot_score_target。,不把收益相同写成通过；A22下一步先做真实触发事件检索或实盘dry-run，不继续滚动无触发短窗，不改实盘。
EX-20260618T081253Z-main-DXJ2,RD-20260618T081214Z-main-LTJ9,completed,readonly_completed_failed_no_trade,非R方强势阶段转移只读面板,验证13:09前非R字段能否区分fresh/continuation/late/exhaustion阶段并降低hard5滞后。,scripts/research/analyze_dxj2_non_r_stage_transition_readonly.py;results/v2/research/RD-20260613T002916Z-main-5BNB/EX-20260617T144855Z-main-VZDA/first_shock_candidate_panel.csv,results/v2/research/RD-20260618T081214Z-main-LTJ9/EX-20260618T081253Z-main-DXJ2/summary.json;results/v2/research/RD-20260618T081214Z-main-LTJ9/EX-20260618T081253Z-main-DXJ2/summary_by_control.csv;results/v2/research/RD-20260618T081214Z-main-LTJ9/EX-20260618T081253Z-main-DXJ2/summary_by_candidate_stage.csv,04_实验记录/EX-20260618T081253Z-main-DXJ2_非R方强势阶段转移只读面板.md,,2026-06-18T08:12:53Z,2026-06-18T08:26:17Z,只读失败：stage_transition_static H5 0.3633%低于hard5 0.4896%，H5超额-0.1263%，胜率46.63%，分段2/4正；支持阶段略好于风险阶段但整体仍弱。,不做交易smoke、不shadow、不改实盘；不扫DXJ2权重/阈值/seed，若继续先解释shift_prev1强或改组合层经济损失/hazard面板。
EX-20260618T083650Z-main-DVQD,RD-20260618T081214Z-main-LTJ9,completed,readonly_completed_pass_alignment_only,前移一日同代码强信号对齐审计,验证DXJ2中shift_prev1_same_code远强是否来自日期基准错配，还是前一天同代码相对前一天hard5也有效。,scripts/research/analyze_dvqd_prev_same_code_alignment_audit.py;results/v2/research/RD-20260613T002916Z-main-5BNB/EX-20260617T144855Z-main-VZDA/first_shock_candidate_panel.csv;results/v2/research/RD-20260618T081214Z-main-LTJ9/EX-20260618T081253Z-main-DXJ2/selector_event_panel.csv,results/v2/research/RD-20260618T081214Z-main-LTJ9/EX-20260618T083650Z-main-DVQD/summary.json;results/v2/research/RD-20260618T081214Z-main-LTJ9/EX-20260618T083650Z-main-DVQD/summary_by_control.csv;results/v2/research/RD-20260618T081214Z-main-LTJ9/EX-20260618T083650Z-main-DVQD/summary_by_control_anchor_segment.csv,04_实验记录/EX-20260618T083650Z-main-DVQD_前移一日同代码强信号对齐审计.md,,2026-06-18T08:36:50Z,2026-06-18T08:43:29Z,对齐审计通过：prev1_same_code_vs_prevday_hard5覆盖1113行，H5均值3.0574%，相对前一天hard5超额+2.5310%，胜率65.77%，4/4分段为正；next1对齐超额-0.3527%。,只支持继续做前一天可识别性审计；不交易化、不shadow、不改实盘，不能直接用次日DXJ2事件样本构造策略。
EX-20260618T084646Z-main-39U5,RD-20260618T081214Z-main-LTJ9,completed,readonly_completed_failed_detectability,前移一日同代码可识别性审计,检验DVQD目标代码在前一天是否能被当时可见字段排进topK，并测试简单topK篮子是否相对hard5有正H5超额。,scripts/research/analyze_39u5_prevday_detectability_audit.py;results/v2/research/RD-20260613T002916Z-main-5BNB/EX-20260617T144855Z-main-VZDA/first_shock_candidate_panel.csv;results/v2/research/RD-20260618T081214Z-main-LTJ9/EX-20260618T081253Z-main-DXJ2/prediction_panel.csv;results/v2/research/RD-20260618T081214Z-main-LTJ9/EX-20260618T083650Z-main-DVQD/alignment_panel.csv,results/v2/research/RD-20260618T081214Z-main-LTJ9/EX-20260618T084646Z-main-39U5/summary.json;results/v2/research/RD-20260618T081214Z-main-LTJ9/EX-20260618T084646Z-main-39U5/target_rank_summary.csv;results/v2/research/RD-20260618T081214Z-main-LTJ9/EX-20260618T084646Z-main-39U5/topk_selector_summary.csv,04_实验记录/EX-20260618T084646Z-main-39U5_前移一日同代码可识别性审计.md,,2026-06-18T08:46:46Z,2026-06-18T08:51:09Z,可识别性失败：最佳字段close_vs_vwap_1309 top5命中18.78%、top10命中31.90%、中位排名20；最佳topK篮子close_vs_vwap_1309_top1 H5超额仅+0.0256%，胜率46.24%，分段1/4正。,不推进简单前一天topK selector；若继续LTJ9，只能换成tomorrow_dxj2_target监督标签审计或组合层hazard/survival面板。
EX-20260618T085945Z-main-R4S5,RD-20260618T081214Z-main-LTJ9,completed,readonly_completed_failed_supervised_label,明日强候选监督标签只读面板,检验用前一天13:09前字段滚动监督预测tomorrow_dxj2_target，是否能比简单字段和shuffled负控更早识别DVQD类目标。,scripts/research/analyze_r4s5_tomorrow_dxj2_target_supervised_readonly.py;results/v2/research/RD-20260613T002916Z-main-5BNB/EX-20260617T144855Z-main-VZDA/first_shock_candidate_panel.csv;results/v2/research/RD-20260618T081214Z-main-LTJ9/EX-20260618T081253Z-main-DXJ2/prediction_panel.csv;results/v2/research/RD-20260618T081214Z-main-LTJ9/EX-20260618T081253Z-main-DXJ2/selector_event_panel.csv,results/v2/research/RD-20260618T081214Z-main-LTJ9/EX-20260618T085945Z-main-R4S5/summary.json;results/v2/research/RD-20260618T081214Z-main-LTJ9/EX-20260618T085945Z-main-R4S5/target_rank_summary.csv;results/v2/research/RD-20260618T081214Z-main-LTJ9/EX-20260618T085945Z-main-R4S5/topk_selector_summary.csv,04_实验记录/EX-20260618T085945Z-main-R4S5_明日强候选监督标签只读面板.md,,2026-06-18T08:59:45Z,2026-06-18T09:06:35Z,监督标签失败：模型top5命中18.40%、top10命中31.98%、中位排名20；模型top5 H5超额-0.3787%，胜率49.77%，分段1/4正，弱于shuffled、stage static和close_vs_vwap。,不调R4S5 ridge/window/topK或同组特征；若继续LTJ9，只能转组合层hazard/survival持有窗口与衰竭风险面板。
EX-20260618T091510Z-main-569U,RD-20260618T081214Z-main-LTJ9,completed,readonly_completed_failed_survival_hazard,强势持有窗口与衰竭风险只读面板,检验低衰竭风险桶是否能让相对hard5优势存活到H3/H5，并打赢高hazard、stage static和close_vs_vwap对照。,scripts/research/analyze_569u_stage_survival_hazard_readonly.py;results/v2/research/RD-20260613T002916Z-main-5BNB/EX-20260617T144855Z-main-VZDA/first_shock_candidate_panel.csv;results/v2/research/RD-20260618T081214Z-main-LTJ9/EX-20260618T081253Z-main-DXJ2/prediction_panel.csv,results/v2/research/RD-20260618T081214Z-main-LTJ9/EX-20260618T091510Z-main-569U/summary.json;results/v2/research/RD-20260618T081214Z-main-LTJ9/EX-20260618T091510Z-main-569U/topk_selector_summary.csv;results/v2/research/RD-20260618T081214Z-main-LTJ9/EX-20260618T091510Z-main-569U/hazard_bucket_summary.csv,04_实验记录/EX-20260618T091510Z-main-569U_强势持有窗口与衰竭风险只读面板.md,,2026-06-18T09:15:10Z,2026-06-18T09:21:52Z,survival/hazard失败：low_hazard_top5 H5路径生存率18.98%仅比high_hazard高4.37pct，H5超额-0.1387%，胜率51.23%，分段1/4正，且弱于stage static和close_vs_vwap。,不调569U hazard权重/topK或同组字段；LTJ9当前字段/公式路线应由PASY决策park。
EX-20260618T093337Z-main-WWQX,RD-20260618T093321Z-main-97VX,completed,readonly_completed_failed_no_trade,分钟路径形态低滞后只读面板,验证13:09前分钟路径形态是否能比hard5、close_vs_vwap、stage static和随机对照更早识别可持续强势。,scripts/research/analyze_wwqx_minute_path_shape_readonly.py;results/v2/research/RD-20260613T002916Z-main-5BNB/EX-20260617T144855Z-main-VZDA/first_shock_candidate_panel.csv;results/v2/research/RD-20260618T081214Z-main-LTJ9/EX-20260618T081253Z-main-DXJ2/prediction_panel.csv,results/v2/research/RD-20260618T093321Z-main-97VX/EX-20260618T093337Z-main-WWQX/summary.json;results/v2/research/RD-20260618T093321Z-main-97VX/EX-20260618T093337Z-main-WWQX/topk_selector_summary.csv;results/v2/research/RD-20260618T093321Z-main-97VX/EX-20260618T093337Z-main-WWQX/topk_selector_segment_summary.csv,04_实验记录/EX-20260618T093337Z-main-WWQX_分钟路径形态低滞后只读面板.md,DEC-20260618T095611Z-main-GBK9,2026-06-18T09:33:37Z,2026-06-18T09:55:00Z,WWQX失败：分钟路径覆盖率99.966%、主selector事件1542，但late_accel_top5 H5超额-0.1486%、胜率51.17%、分段1/4正，近端2025_20260519超额-0.6875%，且弱于close_vs_vwap和stage static。,不交易化、不shadow、不observe；97VX当前H5替代路线由GBK9 park，后续只能新开短半衰期经济目标只读复核。
EX-20260618T101258Z-main-FYH7,RD-20260618T101258Z-main-BJR5,completed,exploratory_completed_failed_no_trade,H0H1衰减与成本探索只读复核,检验WWQX派生的close_vs_vwap_1309短周期线索在H0/H1扣成本、分段、近端和去2024后是否仍稳定。,scripts/research/analyze_fyh7_short_halflife_decay_readonly.py;results/v2/research/RD-20260618T093321Z-main-97VX/EX-20260618T093337Z-main-WWQX/topk_selector_panel.csv;results/v2/research/RD-20260618T093321Z-main-97VX/EX-20260618T093337Z-main-WWQX/random_same_day_top5_panel.csv,results/v2/research/RD-20260618T101258Z-main-BJR5/EX-20260618T101258Z-main-FYH7/summary.json;results/v2/research/RD-20260618T101258Z-main-BJR5/EX-20260618T101258Z-main-FYH7/cost_stress_summary.csv;results/v2/research/RD-20260618T101258Z-main-BJR5/EX-20260618T101258Z-main-FYH7/segment_cost_stress_summary.csv,04_实验记录/EX-20260618T101258Z-main-FYH7_H0H1衰减与成本探索只读复核.md,DEC-20260618T101850Z-main-RZSM,2026-06-18T10:12:58Z,2026-06-18T10:18:50Z,FYH7失败：any_candidate_exploratory_pass_cost5=false；最强close_vs_vwap_1309_top1 H1扣5bp均值+0.1349%，但胜率47.80%、正分段1/4、2025_20260519为-0.2043%、去2024后-0.1356%。,不交易化、不shadow、不observe；BJR5当前WWQX派生短半衰期路线由RZSM park，后续只能换独立数据或机制。
EX-20260618T103504Z-main-6NYC,RD-20260618T103455Z-main-9XR3,completed,readonly_completed_failed_no_trade,真实换仓后悔与无交易带只读面板,检验R010-B4/B5 true path真实卖旧买新事件中，旧仓仍在Top5且差距小的切换是否存在H3/H5扣成本后的no-trade band。,scripts/research/analyze_6nyc_switch_regret_no_trade_band.py;results/v2/research/R010-B4/b3_gate_tiered_v2_*/,results/v2/research/RD-20260618T103455Z-main-9XR3/EX-20260618T103504Z-main-6NYC/summary.json;results/v2/research/RD-20260618T103455Z-main-9XR3/EX-20260618T103504Z-main-6NYC/rule_summary.csv;results/v2/research/RD-20260618T103455Z-main-9XR3/EX-20260618T103504Z-main-6NYC/segment_rule_summary.csv,04_实验记录/EX-20260618T103504Z-main-6NYC_真实换仓后悔与无交易带只读面板.md,DEC-20260618T104520Z-main-N7RL,2026-06-18T10:35:04Z,2026-06-18T10:45:20Z,6NYC失败：550个真实switch中主规则H3扣5bp合计+0.9692但胜率47.75%、正分段2/4、随机同规模负控60.6%；H5胜率49.10%、正分段2/4、负控53.8%。tier_active_switch仅26事件，不能升级。,不交易化、不shadow、不observe；9XR3当前无交易带规则由N7RL park，不扫gap/dispersion/rank/horizon/seed；若继续需真实盘口/逐笔/订单簿/滑点或dry-run数据。
EX-20260618T105959Z-main-BYEX,RD-20260618T105950Z-main-7FY3,completed,readonly_completed_data_gap_confirmed,平台与实盘微观数据就绪度只读盘点,检验当前平台和本机实盘配置是否已有真实盘口、逐笔、订单簿、委托成交生命周期、滑点或dry-run数据可支撑低滞后执行研究。,ClickHouse system.tables;tmp/qmt_order_state;reports/migration/jq_research_probe/;LIVE_TRADING_ROOT解析,results/v2/research/RD-20260618T105950Z-main-7FY3/EX-20260618T105959Z-main-BYEX/summary.json;results/v2/research/RD-20260618T105950Z-main-7FY3/EX-20260618T105959Z-main-BYEX/curated_readiness.csv,04_实验记录/EX-20260618T105959Z-main-BYEX_平台与实盘微观数据就绪度只读盘点.md,DEC-20260618T110703Z-main-FF3K,2026-06-18T10:59:59Z,2026-06-18T11:07:03Z,BYEX确认数据缺口：ClickHouse 613表中likely_micro_tables=0；get_ticks probe仅996行/17日期/31标的且未入库；QMT状态为sim_qmt取消订单ID且broker_order_map=0；实盘根路径未配置。,不启动新的低滞后执行策略实验；7FY3由FF3K park，先补真实盘口、逐笔、订单簿、成交滑点或dry-run委托成交日志。
EX-20260618T130636Z-main-28Z4,RD-20260605T115651Z-main-DEF0,completed,readonly_completed_failed_no_action,B3 state-only extreme触发缺口归因,检验极端弱势状态已出现但persistence/tiered动作未激活的日期，是否比普通非极端日期更早指向未来路径回撤。,scripts/research/analyze_b3_state_only_extreme_gap.py;results/v2/research/R010-B4/EX-20260611T060247Z-main-592F/summary/formal/segment_compare.csv,results/v2/research/R010-B4/EX-20260618T130636Z-main-28Z4/state_only_extreme_gap/summary.json;results/v2/research/R010-B4/EX-20260618T130636Z-main-28Z4/state_only_extreme_gap/event_summary.csv;results/v2/research/R010-B4/EX-20260618T130636Z-main-28Z4/state_only_extreme_gap/segment_summary.csv;results/v2/research/R010-B4/EX-20260618T130636Z-main-28Z4/state_only_extreme_gap/random_control_summary.csv,04_实验记录/EX-20260618T130636Z-main-28Z4_B3 state-only extreme触发缺口归因.md,DEC-20260618T131519Z-main-UR2G,2026-06-18T13:06:36Z,2026-06-18T13:15:47Z,只读失败：919个state-only extreme覆盖4段，但未来10日DD5率22.85%低于quiet 24.91%，分段仅2/4更差，shift_prev1和随机负控更强。,不动作化、不shadow、不observe、不绕过B3持久确认；若继续低滞后防御必须换独立机制并新开预注册。
EX-20260618T133228Z-main-YCW5,RD-20260614T115209Z-main-MCYG,completed,readonly_completed_failed_no_action,组合层下尾经济损失校准只读面板,检验非R方组合层经济损失排序能否比K3YL、R方、front_any和随机负控更早识别H10下尾路径损失且不误伤2025强趋势。,scripts/research/analyze_ycw5_loss_calibration_readonly.py;results/v2/research/RD-20260614T115209Z-main-MCYG/EX-20260617T212938Z-main-LJQ7/ljq7_action_panel.csv;results/v2/research/RD-20260614T115209Z-main-MCYG/EX-20260618T030506Z-main-K3YL/k3yl_test_predictions.csv,results/v2/research/RD-20260614T115209Z-main-MCYG/EX-20260618T133228Z-main-YCW5/summary.json;results/v2/research/RD-20260614T115209Z-main-MCYG/EX-20260618T133228Z-main-YCW5/ycw5_oos_metrics.csv;results/v2/research/RD-20260614T115209Z-main-MCYG/EX-20260618T133228Z-main-YCW5/ycw5_random_control_summary.csv,04_实验记录/EX-20260618T133228Z-main-YCW5_组合层下尾经济损失校准只读面板.md,DEC-20260618T134120Z-main-L8GT,2026-06-18T13:32:28Z,2026-06-18T13:41:49Z,只读失败：最佳stress_concentration_loss虽在2022-2023和2024有诊断信号，但2025 top20 bad10提升-0.36pct、下尾损失提升-0.86pct；Brier对K3YL/front_any仅1/3胜，check loss对常数和K3YL均0/3胜，随机负控未稳定打败。,不动作化、不shadow、不observe、不扫同组权重/分桶/top比例；MCYG若继续需换显式状态转移、事件簇hazard或持续时间机制。
EX-20260618T135410Z-main-CJC9,RD-20260614T115209Z-main-MCYG,completed,readonly_completed_near_miss_revise_no_action,组合层事件簇hazard只读面板,检验状态持续时间、事件簇密度和状态切换能否比K3YL、R方、front_any、YCW5和随机/错位负控更早识别H10坏路径。,scripts/research/analyze_cjc9_episode_hazard_readonly.py;results/v2/research/RD-20260614T115209Z-main-MCYG/EX-20260617T212938Z-main-LJQ7/ljq7_action_panel.csv;results/v2/research/RD-20260614T115209Z-main-MCYG/EX-20260618T030506Z-main-K3YL/k3yl_test_predictions.csv,results/v2/research/RD-20260614T115209Z-main-MCYG/EX-20260618T135410Z-main-CJC9/summary.json;results/v2/research/RD-20260614T115209Z-main-MCYG/EX-20260618T135410Z-main-CJC9/cjc9_oos_metrics.csv;results/v2/research/RD-20260614T115209Z-main-MCYG/EX-20260618T135410Z-main-CJC9/cjc9_random_control_summary.csv,04_实验记录/EX-20260618T135410Z-main-CJC9_组合层事件簇hazard只读面板.md,DEC-20260618T140056Z-main-FDSQ,2026-06-18T13:54:10Z,2026-06-18T14:00:56Z,接近但未通过：episode_age_hazard在2025 AUC 0.7896、top20 bad10提升+36.01pct、低风险桶-45.81pct且随机bad p95胜2/3；但跨段竞争不足。cluster_decay_hazard竞争强但随机负控不过。,不动作化、不shadow、不observe；新开episode_age_hazard稳定性和错位簇只读审计，不在CJC9内调权重/窗口/top比例。
EX-20260618T141233Z-main-M3VC,RD-20260614T115209Z-main-MCYG,completed,readonly_completed_strict_random_failed_revise_no_action,episode_age hazard稳定性与错位簇审计,固定CJC9 episode_age_hazard，检验2025强分离是否能在去连续日期、episode聚合、block bootstrap、错位和随机同规模负控后保留。,scripts/research/analyze_m3vc_episode_age_stability_readonly.py;results/v2/research/RD-20260614T115209Z-main-MCYG/EX-20260618T135410Z-main-CJC9/cjc9_test_predictions.csv;results/v2/research/RD-20260614T115209Z-main-MCYG/EX-20260617T212938Z-main-LJQ7/ljq7_action_panel.csv,results/v2/research/RD-20260614T115209Z-main-MCYG/EX-20260618T141233Z-main-M3VC/summary.json;results/v2/research/RD-20260614T115209Z-main-MCYG/EX-20260618T141233Z-main-M3VC/stability_summary.csv;results/v2/research/RD-20260614T115209Z-main-MCYG/EX-20260618T141233Z-main-M3VC/random_control_summary.csv;results/v2/research/RD-20260614T115209Z-main-MCYG/EX-20260618T141233Z-main-M3VC/bootstrap_summary.csv,04_实验记录/EX-20260618T141233Z-main-M3VC_episode_age hazard稳定性与错位簇审计.md,DEC-20260618T142119Z-main-NWY3,2026-06-18T14:12:33Z,2026-06-18T14:21:51Z,严格随机负控未过：raw 2025 top20 bad10提升+36.01pct、separated gap5仍+26.92pct、block bootstrap 5%分位+15.33pct；但calendar_thin与episode_level样本太小，随机同规模可复制。,revise；保留状态生命周期为最接近非R方低滞后线索，但不动作化、不shadow、不observe；下一步只能做事件级外部验证或更少组件只读复核。
EX-20260618T143708Z-main-2XKW,RD-20260614T115209Z-main-MCYG,completed,readonly_completed_failed_no_action,生命周期双组件episode级随机负控只读复核,固定unfavorable_run_len与confirmed_state_run_len两个生命周期组件，检验全OOS episode pooled是否能打败随机同规模和错位负控。,scripts/research/analyze_2xkw_lifecycle_pair_episode_readonly.py;results/v2/research/RD-20260614T115209Z-main-MCYG/EX-20260617T212938Z-main-LJQ7/ljq7_action_panel.csv,results/v2/research/RD-20260614T115209Z-main-MCYG/EX-20260618T143708Z-main-2XKW/summary.json;results/v2/research/RD-20260614T115209Z-main-MCYG/EX-20260618T143708Z-main-2XKW/score_summary.csv;results/v2/research/RD-20260614T115209Z-main-MCYG/EX-20260618T143708Z-main-2XKW/random_control_summary.csv,04_实验记录/EX-20260618T143708Z-main-2XKW_生命周期双组件episode级随机负控只读复核.md,DEC-20260618T144237Z-main-GNSM,2026-06-18T14:37:08Z,2026-06-18T14:42:37Z,失败：双组件pooled episode top20 bad10 lift +32.59pct、tail loss +2.55pct，但随机p95分别同等或更高，shift_next1也复制主结果。confirmed_state_only为后验诊断线索。,park双组件方案；不动作化、不shadow、不observe、不扫权重/top比例/seed；若继续只能新开confirmed_state_run_len单组件只读复核。
EX-20260618T145033Z-main-KFSQ,RD-20260614T115209Z-main-MCYG,completed,readonly_completed_pass_external_validation_candidate_no_action,confirmed_state单组件episode随机负控只读复核,固定confirmed_state_run_len单组件，检验全OOS episode pooled下尾损失是否能打败随机同规模和shift负控。,scripts/research/analyze_kfsq_confirmed_state_episode_readonly.py;results/v2/research/RD-20260614T115209Z-main-MCYG/EX-20260618T143708Z-main-2XKW/scored_oos_panel.csv,results/v2/research/RD-20260614T115209Z-main-MCYG/EX-20260618T145033Z-main-KFSQ/summary.json;results/v2/research/RD-20260614T115209Z-main-MCYG/EX-20260618T145033Z-main-KFSQ/score_summary.csv;results/v2/research/RD-20260614T115209Z-main-MCYG/EX-20260618T145033Z-main-KFSQ/random_control_summary.csv,04_实验记录/EX-20260618T145033Z-main-KFSQ_confirmed_state单组件episode随机负控只读复核.md,DEC-20260618T145429Z-main-VRMQ,2026-06-18T14:50:33Z,2026-06-18T14:54:29Z,通过但仅外部验证候选：pooled episode top20下尾损失lift +4.65pct，高于随机p95 +2.55pct和shift_next +2.58pct；bad10事件率与随机p95持平。,promote_candidate仅限外部验证；不交易化、不shadow、不observe；下一步需要新样本、真实观察流或dry-run日志验证。
EX-20260618T151314Z-main-KZF8,RD-20260614T115209Z-main-MCYG,completed,readonly_completed_insufficient_forward_h10_labels_no_action,KFSQ confirmed_state forward外部验证数据门禁,固定confirmed_state_run_len单组件，用连续forward hard5窗口检验H10外部样本是否足以验证其下尾损失分离。,configs/research/RD-20260614T115209Z-main-MCYG/EX-20260618T151314Z-main-KZF8/kzf8_continuous_forward_hard5_20260520_20260617.json;scripts/research/analyze_kzf8_kfsq_forward_validation_readonly.py,results/v2/research/RD-20260614T115209Z-main-MCYG/EX-20260618T151314Z-main-KZF8/summary.json;results/v2/research/RD-20260614T115209Z-main-MCYG/EX-20260618T151314Z-main-KZF8/forward_score_summary.csv;results/v2/research/RD-20260614T115209Z-main-MCYG/EX-20260618T151314Z-main-KZF8/forward_random_control_summary.csv,04_实验记录/EX-20260618T151314Z-main-KZF8_KFSQ confirmed_state forward外部验证数据门禁.md,DEC-20260618T152400Z-main-6JF6,2026-06-18T15:13:14Z,2026-06-18T15:24:00Z,KZF8完成连续forward，但A1主宇宙太晚：H10可标注行0、episode0；H5仅2行1个episode，数据门禁不足，不能判定KFSQ通过或失败。,保留KFSQ外部验证候选；等待真实观察流/dry-run/更长forward满足H10 >=20行且>=5 episode后复验。
EX-20260618T153621Z-main-N3CD,RD-20260614T115209Z-main-MCYG,completed,readonly_tool_completed_forward_gate_monitor,KFSQ forward标签门禁监控器只读资产,建设只读监控器，扫描forward run的ACTION日志和权益曲线，报告KFSQ H10外部验证标签是否达到20行/5 episode门槛。,scripts/research/monitor_kfsq_forward_readiness.py;results/v2/research/RD-20260614T115209Z-main-MCYG/EX-20260618T151314Z-main-KZF8/continuous_forward_hard5/forward_20260520_20260617/,results/v2/research/RD-20260614T115209Z-main-MCYG/EX-20260618T153621Z-main-N3CD/summary.json;results/v2/research/RD-20260614T115209Z-main-MCYG/EX-20260618T153621Z-main-N3CD/readiness_by_run.csv;results/v2/research/RD-20260614T115209Z-main-MCYG/EX-20260618T153621Z-main-N3CD/a1_candidate_readiness.csv,04_实验记录/EX-20260618T153621Z-main-N3CD_KFSQ forward标签门禁监控器只读资产.md,,2026-06-18T15:36:21Z,2026-06-18T15:39:00Z,N3CD完成监控资产：KZF8当前A1总行7，但KFSQ候选A1仅3行1个episode；H10当前0/0，即使当前候选全标注也只有3/1，仍差17行和4个episode。,后续新的forward/dry-run先跑监控器；只有H10可标注行>=20且episode>=5，才重跑KFSQ外部验证。
EX-20260618T154810Z-main-TRXX,RD-20260614T115209Z-main-MCYG,completed,readonly_completed_insufficient_forward_h10_labels_no_action,KFSQ forward补跑20260618标签门禁复核,将KZF8连续forward hard5补到2026-06-18，复核KFSQ H10外部验证数据门禁是否仍不足。,configs/research/RD-20260614T115209Z-main-MCYG/EX-20260618T154810Z-main-TRXX/trxx_continuous_forward_hard5_20260520_20260618.json;scripts/research/monitor_kfsq_forward_readiness.py,results/v2/research/RD-20260614T115209Z-main-MCYG/EX-20260618T154810Z-main-TRXX/readiness_monitor/summary.json;results/v2/research/RD-20260614T115209Z-main-MCYG/EX-20260618T154810Z-main-TRXX/readiness_monitor/readiness_by_run.csv;results/v2/research/RD-20260614T115209Z-main-MCYG/EX-20260618T154810Z-main-TRXX/readiness_monitor/a1_candidate_readiness.csv,04_实验记录/EX-20260618T154810Z-main-TRXX_KFSQ forward补跑20260618标签门禁复核.md,,2026-06-18T15:48:10Z,2026-06-18T15:56:00Z,TRXX补跑成功：forward 22行，final 107639.51，交易35；A1候选仍3行1个episode，H10可标注0/0，h10_gate_pass=false，最早候选还差1个交易日。,不升级KFSQ、不判死；等待H10>=20行且>=5 episode或真实观察流/dry-run，再做正式外部验证。
EX-20260618T160438Z-main-MESV,RD-20260614T115209Z-main-MCYG,completed,readonly_tool_completed_wait_for_new_market_data,KFSQ forward补跑触发检查器只读资产,建设只读触发检查器，读取TRXX/N3CD门禁summary并查询ClickHouse日线/分钟线最大日期，判断是否值得启动下一次forward补跑。,scripts/research/check_kfsq_forward_rerun_readiness.py;results/v2/research/RD-20260614T115209Z-main-MCYG/EX-20260618T154810Z-main-TRXX/readiness_monitor/summary.json,results/v2/research/RD-20260614T115209Z-main-MCYG/EX-20260618T160438Z-main-MESV/summary.json;results/v2/research/RD-20260614T115209Z-main-MCYG/EX-20260618T160438Z-main-MESV/rerun_readiness.csv,04_实验记录/EX-20260618T160438Z-main-MESV_KFSQ forward补跑触发检查器只读资产.md,,2026-06-18T16:04:38Z,2026-06-18T16:12:00Z,MESV显示当前日线和分钟线最大日期均为2026-06-18，latest_forward_end也是2026-06-18；可用新增交易日0，最早H10还需1日，recommended_action=wait_for_new_market_data。,不启动新forward补跑；后续先跑MESV，只有有共同新增交易日才补跑，正式外部验证仍需H10>=20行且>=5 episode。
EX-20260618T161843Z-main-TTSK,RD-20260618T161832Z-main-KDGD,completed,readonly_completed_gate_failed_park,状态条件化nearness只读门禁,检验R25X/MCWS的状态依赖解释是否成立：只在A2 broad/healthy状态启用52周高点nearness，能否保留改善并避开2022-2023和2025误伤。,scripts/research/analyze_ttsk_state_conditioned_nearness_readonly.py,results/v2/research/RD-20260618T161832Z-main-KDGD/EX-20260618T161843Z-main-TTSK/summary.json;results/v2/research/RD-20260618T161832Z-main-KDGD/EX-20260618T161843Z-main-TTSK/ttsk_segment_summary.csv;results/v2/research/RD-20260618T161832Z-main-KDGD/EX-20260618T161843Z-main-TTSK/ttsk_random_control_summary.csv,04_实验记录/EX-20260618T161843Z-main-TTSK_状态条件化nearness只读门禁.md,DEC-20260618T162627Z-main-3SKD,2026-06-18T16:18:43Z,2026-06-18T16:28:00Z,TTSK门禁失败：事件1293、切换118足够，但条件化H5正分段2/4，最差-0.0608pct，broad H5增量+0.0927pct低于门槛，总体+0.0089pct低于随机同池p95 +0.0856pct。,KDGD/52周高点状态条件化路线park；不做组合级formal、shadow、observe，不扩nearness alpha/lookback/状态阈值/rank权重/TopK。
EX-20260618T164015Z-main-HPTL,RD-20260618T164000Z-main-FIPQ,completed,readonly_completed_gate_failed_park,FIP连续信息score5到6只读门禁,检验Frog-in-the-Pan连续信息条件能否在5<=score<6的高分候选中识别被hard5过度过滤的健康趋势。,scripts/research/analyze_r010a12_literature_hot_gate.py;scripts/research/summarize_hptl_fip_continuity_gate.py,results/v2/research/RD-20260618T164000Z-main-FIPQ/EX-20260618T164015Z-main-HPTL/hptl_fip_gate_summary.json;results/v2/research/RD-20260618T164000Z-main-FIPQ/EX-20260618T164015Z-main-HPTL/hptl_fip_gate_checks.csv;results/v2/research/RD-20260618T164000Z-main-FIPQ/EX-20260618T164015Z-main-HPTL/literature_hot_gate_event_summary.csv,04_实验记录/EX-20260618T164015Z-main-HPTL_FIP连续信息score5到6只读门禁.md,DEC-20260618T165410Z-main-P8JQ,2026-06-18T16:40:15Z,2026-06-18T17:00:00Z,HPTL门禁失败：差异事件104足够，H5/H10均值+1.0084pct/+1.1308pct，0bps/10bps权益代理+8.9901%/+10.0860%，但H10胜率50.49%、H5正分段1/4、0bps权益正分段2/4。,FIPQ park；不进入formal/shadow/observe，不扫FIP阈值、窗口、score分段或综合lit_gate权重。
EX-20260618T170619Z-main-YQBP,RD-20260614T115209Z-main-MCYG,completed,readonly_completed_wait_for_new_market_data,KFSQ forward新样本触发检查,检查MESV之后平台日线和分钟线是否有共同新增交易日，决定是否值得补跑KFSQ forward外部验证。,scripts/research/check_kfsq_forward_rerun_readiness.py,results/v2/research/RD-20260614T115209Z-main-MCYG/EX-20260618T170619Z-main-YQBP/summary.json;results/v2/research/RD-20260614T115209Z-main-MCYG/EX-20260618T170619Z-main-YQBP/rerun_readiness.csv,04_实验记录/EX-20260618T170619Z-main-YQBP_KFSQ forward新样本触发检查.md,,2026-06-18T17:06:19Z,2026-06-18T17:20:00Z,YQBP确认日线和分钟线最大日期仍为2026-06-18，latest_forward_end也是2026-06-18；可用新增交易日0，H10当前0行0episode，recommended_action=wait_for_new_market_data。,不补跑KFSQ外部验证；等待平台日线和分钟线共同新增交易日，或接入真实观察流/dry-run数据后再复查。
EX-20260618T074745Z-main-7Z32,RD-20260605T133318Z-main-H6V3,completed,readonly_event_index_completed,A22真实触发事件检索只读面板,扫描A22结果树中的logs.jsonl，复原历史和post-design真实触发事件索引，判断能否继续用近端forward/OOS触发收益门禁推进。,scripts/research/analyze_7z32_a22_trigger_event_search.py,results/v2/research/R010-A22/trigger_event_search/EX-20260618T074745Z-main-7Z32/summary.json;results/v2/research/R010-A22/trigger_event_search/EX-20260618T074745Z-main-7Z32/window_summary.csv;results/v2/research/R010-A22/trigger_event_search/EX-20260618T074745Z-main-7Z32/known_summary_cross_checks.csv,04_实验记录/EX-20260618T074745Z-main-7Z32_A22真实触发事件检索只读面板.md,DEC-20260618T172110Z-main-MVZ5,2026-06-18T07:47:45Z,2026-06-18T17:27:00Z,7Z32 strict通过：扫描47个A22日志、3687行事件索引，历史live budget 98行、去重触发49行；但2026-05-20后post-design真实触发为0，LWC4/8UP9交叉核对均通过。,A22维持default-off observe；停止滚动无触发短窗收益门禁，后续只等真实触发、实盘dry-run或可审计成交日志。
EX-20260618T173133Z-main-6NDB,RD-20260614T115209Z-main-MCYG,completed,readonly_completed_wait_for_new_market_data,KFSQ forward 20260619新数据触发复查,复查平台在YQBP之后是否已有2026-06-19或更晚日线/分钟线共同新增交易日，决定是否值得补跑KFSQ forward或进入外部验证。,scripts/research/check_kfsq_forward_rerun_readiness.py,results/v2/research/RD-20260614T115209Z-main-MCYG/EX-20260618T173133Z-main-6NDB/summary.json;results/v2/research/RD-20260614T115209Z-main-MCYG/EX-20260618T173133Z-main-6NDB/rerun_readiness.csv;results/v2/research/RD-20260614T115209Z-main-MCYG/EX-20260618T173133Z-main-6NDB/run_6ndb_readiness.log,04_实验记录/EX-20260618T173133Z-main-6NDB_KFSQ forward 20260619新数据触发复查.md,,2026-06-18T17:31:33Z,2026-06-18T17:40:00Z,6NDB确认日线和分钟线最大日期仍为2026-06-18，latest forward end也是2026-06-18；共同新增交易日0，H10当前0行0episode，即使当前候选成熟也只有3行1episode，recommended_action=wait_for_new_market_data。,不补跑KFSQ外部验证；等待日线和分钟线共同新增交易日，或接入真实观察流/dry-run后再复查。
EX-20260619T010219Z-main-B5JS,RD-20260618T105950Z-main-7FY3,completed,engineering_contract_passed_not_strategy_validation,V2 dry-run结果落盘证据契约,验证V2 live CLI能否在显式--output-json时保存dry-run/run-once单轮JSON证据，且不改变默认行为和真实委托确认门槛。,src/run_v2_live.py;src/quant_v2/cli/run_live.py;src/tests/quant_v2/test_live_job_and_cli.py;docs/V2_MiniQMT实盘适配说明.md,results/v2/research/RD-20260618T105950Z-main-7FY3/EX-20260619T010219Z-main-B5JS/summary.json;results/v2/research/RD-20260618T105950Z-main-7FY3/EX-20260619T010219Z-main-B5JS/pytest_live_cli_output_json.log,04_实验记录/EX-20260619T010219Z-main-B5JS_V2 dry-run结果落盘证据契约.md,,2026-06-19T01:02:19Z,2026-06-19T01:08:56Z,B5JS通过工程契约：--output-json可保存current_dt/dry_run/events/orders/trades/records/portfolio，默认不落盘，真实委托仍需confirm，单测8 passed；但没有真实订单、成交或滑点证据。,7FY3仍park；下一步在可连接QMT的dry-run环境采集JSON，再用于KFSQ/A22外部观察验证，不新开策略参数实验。
EX-20260619T011815Z-main-G7S8,RD-20260618T105950Z-main-7FY3,completed,engineering_json_gate_passed_not_strategy_validation,V2 dry-run JSON证据解析门禁,验证B5JS dry-run JSON是否能被只读解析为schema、观察和订单意图三层门禁，并输出可关联KFSQ/A22的orders/records CSV。,scripts/research/analyze_g7s8_live_dry_run_json_gate.py;src/tests/scripts/test_analyze_g7s8_live_dry_run_json_gate.py,results/v2/research/RD-20260618T105950Z-main-7FY3/EX-20260619T011815Z-main-G7S8/summary.json;results/v2/research/RD-20260618T105950Z-main-7FY3/EX-20260619T011815Z-main-G7S8/dry_run_json_gate.csv;results/v2/research/RD-20260618T105950Z-main-7FY3/EX-20260619T011815Z-main-G7S8/orders.csv;results/v2/research/RD-20260618T105950Z-main-7FY3/EX-20260619T011815Z-main-G7S8/records.csv;results/v2/research/RD-20260618T105950Z-main-7FY3/EX-20260619T011815Z-main-G7S8/run_g7s8_json_gate.log,04_实验记录/EX-20260619T011815Z-main-G7S8_V2 dry-run JSON证据解析门禁.md,,2026-06-19T01:18:15Z,2026-06-19T01:25:07Z,G7S8通过工程门禁：脚本单测4 passed；样例JSON的schema/observation/order_intent三层均通过，total_order_count=1，orders.csv保留symbol和pindex=0；但样例为合成JSON，不是真实QMT证据。,等待真实QMT dry-run JSON；拿到后先跑G7S8，再把orders.csv与KFSQ/A22触发日关联做外部观察验证。
EX-20260619T013337Z-main-48VR,RD-20260618T105950Z-main-7FY3,completed,engineering_join_gate_passed_not_strategy_validation,dry-run订单与候选信号关联门禁,验证G7S8 orders.csv能否与A22标的级信号、KFSQ组合级日期信号做只读关联，输出匹配、未匹配和信号源汇总。,scripts/research/analyze_48vr_dry_run_order_signal_join.py;src/tests/scripts/test_analyze_48vr_dry_run_order_signal_join.py,results/v2/research/RD-20260618T105950Z-main-7FY3/EX-20260619T013337Z-main-48VR/summary.json;results/v2/research/RD-20260618T105950Z-main-7FY3/EX-20260619T013337Z-main-48VR/order_signal_matches.csv;results/v2/research/RD-20260618T105950Z-main-7FY3/EX-20260619T013337Z-main-48VR/unmatched_orders.csv;results/v2/research/RD-20260618T105950Z-main-7FY3/EX-20260619T013337Z-main-48VR/signal_summary.csv;results/v2/research/RD-20260618T105950Z-main-7FY3/EX-20260619T013337Z-main-48VR/run_48vr_order_signal_join.log,04_实验记录/EX-20260619T013337Z-main-48VR_dry-run订单与候选信号关联门禁.md,,2026-06-19T01:33:37Z,2026-06-19T01:39:54Z,48VR通过工程门禁：脚本单测4 passed；样例A22标的级和KFSQ日期级各匹配1条；真实A22 7Z32格式源147行、KFSQ 2XKW格式源213行对2026-06-19样例订单无误匹配。,等待真实QMT dry-run JSON；按B5JS->G7S8->48VR链路关联A22/KFSQ，再决定是否做外部观察验证。
EX-20260619T014937Z-main-96B8,RD-20260618T105950Z-main-7FY3,completed,engineering_chain_preflight_passed_not_strategy_validation,B5JS G7S8 48VR端到端链路预检,验证B5JS JSON、G7S8解析门禁和48VR订单-信号关联能否被一条命令串联，并输出可审计链路摘要。,scripts/research/run_7fy3_dry_run_evidence_chain.py;src/tests/scripts/test_run_7fy3_dry_run_evidence_chain.py,results/v2/research/RD-20260618T105950Z-main-7FY3/EX-20260619T014937Z-main-96B8/chain_summary.json;results/v2/research/RD-20260618T105950Z-main-7FY3/EX-20260619T014937Z-main-96B8/g7s8/;results/v2/research/RD-20260618T105950Z-main-7FY3/EX-20260619T014937Z-main-96B8/48vr/;results/v2/research/RD-20260618T105950Z-main-7FY3/EX-20260619T014937Z-main-96B8/run_96B8_chain.log,04_实验记录/EX-20260619T014937Z-main-96B8_B5JS G7S8 48VR端到端链路预检.md,,2026-06-19T01:49:37Z,2026-06-19T02:02:00Z,96B8通过工程链路预检：G7S8+48VR+96B8测试12 passed，样例链路status=signal_match_ready，样例A22/KFSQ匹配，真实格式A22/KFSQ未误匹配；但没有真实QMT订单、成交或滑点证据。,配置LIVE_TRADING_ROOT或在可连接QMT环境生成真实dry-run JSON，直接跑B5JS->96B8->G7S8/48VR外部观察链路。
EX-20260619T020248Z-main-3F8Q,RD-20260618T105950Z-main-7FY3,completed,live_dry_run_readiness_failed_actionable,QMT dry-run真实采集前置检查,检查当前机器是否具备采集真实MiniQMT dry-run JSON的条件，并生成后续Windows dry-run与96B8链路命令。,scripts/research/check_7fy3_live_dry_run_readiness.py;src/tests/scripts/test_check_7fy3_live_dry_run_readiness.py;configs/v2_portfolio_smallcap_etf_dual_pool_50_50.json,results/v2/research/RD-20260618T105950Z-main-7FY3/EX-20260619T020248Z-main-3F8Q/readiness_summary.json;results/v2/research/RD-20260618T105950Z-main-7FY3/EX-20260619T020248Z-main-3F8Q/readiness_checks.csv;results/v2/research/RD-20260618T105950Z-main-7FY3/EX-20260619T020248Z-main-3F8Q/run_3f8q_readiness.log,04_实验记录/EX-20260619T020248Z-main-3F8Q_QMT dry-run真实采集前置检查.md,,2026-06-19T02:02:48Z,2026-06-19T02:07:43Z,3F8Q确认当前WSL环境readiness_pass=false，硬失败为qmt_path_exists、current_os_is_windows、current_python_is_311；配置、策略组件、live CLI、96B8链路和A22/KFSQ信号源均通过。,在Windows+Python3.11+可见QMT userdata环境执行生成的dry-run命令，拿到JSON后跑96B8链路。
EX-20260619T032822Z-main-B3HP,RD-20260605T133318Z-main-H6V3,completed,readonly_completed_primary_rules_zero_revise_needed,hard5反弹修复误杀只读面板,检验score>5被hard5拦截事件中是否存在前期回撤、普反广度和非跳涨的修复性高分，能否用小预算或持仓续持减少反弹误杀。,scripts/research/analyze_b3hp_hard5_repair_rebound_panel.py,results/v2/research/RD-20260605T133318Z-main-H6V3/EX-20260619T032822Z-main-B3HP/hard5_repair_rebound_panel/summary.json;results/v2/research/RD-20260605T133318Z-main-H6V3/EX-20260619T032822Z-main-B3HP/hard5_repair_rebound_panel/repair_rule_budget_summary.csv;results/v2/research/RD-20260605T133318Z-main-H6V3/EX-20260619T032822Z-main-B3HP/hard5_repair_rebound_panel/repair_constraint_diagnostics.csv;results/v2/research/RD-20260605T133318Z-main-H6V3/EX-20260619T032822Z-main-B3HP/hard5_repair_rebound_panel/random_top10_control_summary.csv,04_实验记录/EX-20260619T032822Z-main-B3HP_hard5反弹修复误杀只读面板.md,,2026-06-19T03:28:22Z,2026-06-19T03:38:00Z,B3HP主规则conservative/balanced均0事件，不支持ret5已转正的温和修复放行；stress组18事件H10为正但样本不足，且随机Top10也部分为正。,新开实验验证回撤仍在但广度修复的早期修复定义；当前不改hard5。
EX-20260619T034400Z-main-GHGZ,RD-20260605T133318Z-main-H6V3,completed,readonly_completed_case_positive_but_controls_not_clean_revise_to_true_path,hard5回撤收敛早期修复只读面板,检验score>5、仍有明显回撤、ret5仍为负、候选池普反且存在低点抬升或回撤收敛的早期修复事件，是否比hard5替代标的更好。,scripts/research/analyze_ghgz_hard5_early_repair_panel.py,results/v2/research/RD-20260605T133318Z-main-H6V3/EX-20260619T034400Z-main-GHGZ/hard5_early_repair_panel/summary.json;results/v2/research/RD-20260605T133318Z-main-H6V3/EX-20260619T034400Z-main-GHGZ/hard5_early_repair_panel/early_repair_rule_summary.csv;results/v2/research/RD-20260605T133318Z-main-H6V3/EX-20260619T034400Z-main-GHGZ/hard5_early_repair_panel/early_repair_random_control_summary.csv;results/v2/research/RD-20260605T133318Z-main-H6V3/EX-20260619T034400Z-main-GHGZ/hard5_early_repair_panel/early_repair_case_panel.csv,04_实验记录/EX-20260619T034400Z-main-GHGZ_hard5回撤收敛早期修复只读面板.md,,2026-06-19T03:44:00Z,2026-06-19T04:08:00Z,GHGZ显示早期修复strict 5事件表现强，core 8事件H10为正但H5为负；无广度负控和随机Top10可复制部分收益，因此不能把日频阈值升级为规则。,停止在GHGZ内扩阈值；新开真实持仓路径误杀索引，区分held_repair、rebuy_repair、new_buy_repair和chase_hot。
EX-20260619T035511Z-main-96SF,RD-20260605T133318Z-main-H6V3,completed,readonly_completed_held_repair_insufficient_and_negative_park,hard5真实持仓修复误杀路径索引只读面板,从A11 hard5真实回测路径的logs、positions和trades中索引已持有修复、回补修复、新买修复和追高事件，检验用户描述的持仓修复误杀是否稳定存在。,scripts/research/analyze_96sf_hard5_truepath_repair_index.py,results/v2/research/RD-20260605T133318Z-main-H6V3/EX-20260619T035511Z-main-96SF/hard5_truepath_repair_index/summary.json;results/v2/research/RD-20260605T133318Z-main-H6V3/EX-20260619T035511Z-main-96SF/hard5_truepath_repair_index/truepath_rule_summary.csv;results/v2/research/RD-20260605T133318Z-main-H6V3/EX-20260619T035511Z-main-96SF/hard5_truepath_repair_index/truepath_event_panel.csv;results/v2/research/RD-20260605T133318Z-main-H6V3/EX-20260619T035511Z-main-96SF/hard5_truepath_repair_index/truepath_asset_summary.csv,04_实验记录/EX-20260619T035511Z-main-96SF_hard5真实持仓修复误杀路径索引只读面板.md,,2026-06-19T03:55:11Z,2026-06-19T04:35:00Z,96SF真实路径held_repair仅2事件且H10相对hard5实际路径均为负，平均-11.80pp；rebuy_repair仅1事件且为负，new_buy_repair虽H10为正但H5为负且左尾大。,暂停当前修复放行和hold-only续持例外；若继续，只能依赖真实dry-run JSON或成交日志积累新的held_repair外部观察样本。
EX-20260619T040913Z-main-8SH4,RD-20260605T133318Z-main-H6V3,completed,engineering_observation_gate_negative_control_passed_not_strategy_validation,hard5修复误杀dry-run观察门禁,验证未来真实dry-run JSON能否与hard5修复状态源做只读关联，并确认样例无关订单不会被误匹配为held_repair或rebuy_repair。,scripts/research/analyze_8sh4_hard5_repair_dry_run_observation_gate.py;src/tests/scripts/test_analyze_8sh4_hard5_repair_dry_run_observation_gate.py,results/v2/research/RD-20260605T133318Z-main-H6V3/EX-20260619T040913Z-main-8SH4/summary.json;results/v2/research/RD-20260605T133318Z-main-H6V3/EX-20260619T040913Z-main-8SH4/g7s8/;results/v2/research/RD-20260605T133318Z-main-H6V3/EX-20260619T040913Z-main-8SH4/repair_state_rows.csv;results/v2/research/RD-20260605T133318Z-main-H6V3/EX-20260619T040913Z-main-8SH4/repair_order_matches.csv,04_实验记录/EX-20260619T040913Z-main-8SH4_hard5修复误杀dry-run观察门禁.md,,2026-06-19T04:09:13Z,2026-06-19T04:15:00Z,8SH4通过工程观察门禁：G7S8样例JSON有1条订单意图，96SF真实格式状态源178行可读，样例订单match_count=0，负控未误匹配；但这不是策略收益证据。,等待Windows QMT真实dry-run JSON；拿到后跑8SH4，只有真实held_repair H10达到20行且5个episode后才新开外部验证。
EX-20260619T042345Z-main-8WGC,RD-20260605T133318Z-main-H6V3,completed,windows_dry_run_blocked_miniqmt_connect_failed_no_json,hard5修复误杀真实dry-run采集归因,检验Windows QMT dry-run是否能生成真实JSON，并用8SH4归因hard5修复误杀订单；若连接失败则登记阻塞。,configs/v2_portfolio_smallcap_etf_dual_pool_50_50.json;scripts/research/analyze_8sh4_hard5_repair_dry_run_observation_gate.py,results/v2/research/RD-20260605T133318Z-main-H6V3/EX-20260619T042345Z-main-8WGC/summary.json;results/v2/research/RD-20260605T133318Z-main-H6V3/EX-20260619T042345Z-main-8WGC/run_8wgc_windows_dry_run_once.log;results/v2/research/RD-20260605T133318Z-main-H6V3/EX-20260619T042345Z-main-8WGC/run_8wgc_windows_connect_check.log;results/v2/research/RD-20260605T133318Z-main-H6V3/EX-20260619T042345Z-main-8WGC/run_8wgc_windows_check_only.log,04_实验记录/EX-20260619T042345Z-main-8WGC_hard5修复误杀真实dry-run采集归因.md,,2026-06-19T04:23:45Z,2026-06-19T04:30:00Z,8WGC已预注册并执行Windows dry-run尝试：Python3.11和QMT userdata路径存在，--check-only通过；但--connect-check和--dry-run-once均因MiniQMT连接返回-1失败，无真实JSON，因此不能做8SH4归因，也不改变hard5。,启动并登录国金QMT模拟客户端后重跑dry-run；拿到live_dry_run_once.json后再跑8SH4归因。
EX-20260619T062915Z-main-6EV3,RD-20260605T133318Z-main-H6V3,completed,readonly_completed_no_chase_state_passed_park,hard5追高可追不可追状态分层只读面板,检验96SF真实路径高分事件中是否存在预注册可追状态，并与不可追状态分层对照。,scripts/research/analyze_6ev3_hard5_chase_state_layers.py;src/tests/scripts/test_analyze_6ev3_hard5_chase_state_layers.py;results/v2/research/RD-20260605T133318Z-main-H6V3/EX-20260619T035511Z-main-96SF/hard5_truepath_repair_index/truepath_event_panel.csv,results/v2/research/RD-20260605T133318Z-main-H6V3/EX-20260619T062915Z-main-6EV3/hard5_chase_state_layers/summary.json;results/v2/research/RD-20260605T133318Z-main-H6V3/EX-20260619T062915Z-main-6EV3/hard5_chase_state_layers/state_summary.csv;results/v2/research/RD-20260605T133318Z-main-H6V3/EX-20260619T062915Z-main-6EV3/hard5_chase_state_layers/primary_state_summary.csv;results/v2/research/RD-20260605T133318Z-main-H6V3/EX-20260619T062915Z-main-6EV3/run_6ev3_chase_state_layers.log,04_实验记录/EX-20260619T062915Z-main-6EV3_hard5追高可追不可追状态分层只读面板.md,,2026-06-19T06:29:15Z,2026-06-19T06:37:00Z,6EV3预注册的三个可追状态均未通过：repair_breadth_chase布尔20事件但17个重叠late_spike，H10胜率50%且p10=-18.03%；broad_repricing H10均值-8.44%；steady_continuation仅12事件且胜率41.67%。,停止在96SF日频事件上扩追高阈值；后续只走真实dry-run JSON或盘口/成交等独立数据层。
EX-20260619T064629Z-main-P97J,RD-20260605T133318Z-main-H6V3,completed,readonly_completed_no_intraday_chase_state_passed_park,hard5高分事件盘中路径可追状态只读面板,检验96SF真实路径高分事件在13:09前分钟路径中是否存在可追状态，并与不可追状态对照。,scripts/research/analyze_p97j_hard5_intraday_path_state.py;src/tests/scripts/test_analyze_p97j_hard5_intraday_path_state.py;results/v2/research/RD-20260605T133318Z-main-H6V3/EX-20260619T035511Z-main-96SF/hard5_truepath_repair_index/truepath_event_panel.csv;results/v2/research/RD-20260605T133318Z-main-H6V3/EX-20260619T062915Z-main-6EV3/hard5_chase_state_layers/state_event_panel.csv,results/v2/research/RD-20260605T133318Z-main-H6V3/EX-20260619T064629Z-main-P97J/hard5_intraday_path_state/summary.json;results/v2/research/RD-20260605T133318Z-main-H6V3/EX-20260619T064629Z-main-P97J/hard5_intraday_path_state/intraday_state_summary.csv;results/v2/research/RD-20260605T133318Z-main-H6V3/EX-20260619T064629Z-main-P97J/hard5_intraday_path_state/primary_intraday_state_summary.csv;results/v2/research/RD-20260605T133318Z-main-H6V3/EX-20260619T064629Z-main-P97J/run_p97j_intraday_path_state.log,04_实验记录/EX-20260619T064629Z-main-P97J_hard5高分事件盘中路径可追状态只读面板.md,DEC-20260619T065635Z-main-QS5G,2026-06-19T06:46:29Z,2026-06-19T06:58:00Z,P97J分钟覆盖率96.07%，但两个可追候选均失败：intraday_steady主分类35事件H10均值-4.29pp、胜率34.29%；intraday_pullback_repair主分类6事件且H10胜率0%。,暂停当前分钟路径可追阈值路线；后续只走真实dry-run JSON、订单生命周期、盘口/逐笔或成交滑点。
EX-20260619T071136Z-main-7X8F,RD-20260605T133318Z-main-H6V3,completed,readonly_completed_qmt_process_missing_before_connect,hard5真实订单层QMT连接失败诊断只读面板,把8WGC的MiniQMT connect=-1拆成可审计前置条件，检查QMT进程、userdata、账号目录和xtquant模块是否阻塞真实dry-run JSON采集。,scripts/research/diagnose_7x8f_qmt_connection.py;src/tests/scripts/test_diagnose_7x8f_qmt_connection.py;configs/v2_portfolio_smallcap_etf_dual_pool_50_50.json,results/v2/research/RD-20260605T133318Z-main-H6V3/EX-20260619T071136Z-main-7X8F/qmt_connection_diagnostic_summary.json;results/v2/research/RD-20260605T133318Z-main-H6V3/EX-20260619T071136Z-main-7X8F/qmt_connection_checks.csv;results/v2/research/RD-20260605T133318Z-main-H6V3/EX-20260619T071136Z-main-7X8F/qmt_recent_files.csv;results/v2/research/RD-20260605T133318Z-main-H6V3/EX-20260619T071136Z-main-7X8F/qmt_processes.csv;results/v2/research/RD-20260605T133318Z-main-H6V3/EX-20260619T071136Z-main-7X8F/run_7x8f_qmt_connection_diagnostic.log,04_实验记录/EX-20260619T071136Z-main-7X8F_hard5真实订单层QMT连接失败诊断只读面板.md,,2026-06-19T07:11:36Z,2026-06-19T07:25:00Z,7X8F显示唯一required failure为qmt_process_found：配置、账号目录、MiniConfig、userdata新鲜度和Python3.11 xtquant模块均通过，但当前候选QMT进程数为0。,启动并登录国金QMT模拟客户端后先重跑connect-check；通过后再跑dry-run-once生成真实JSON并用8SH4归因。
EX-20260619T083927Z-main-URWL,RD-20260619T083919Z-main-WEMY,completed,completed_no_a25_state_passed_park,A25撤离修复追高状态机只读面板,把96SF真实路径、6EV3日频状态和P97J盘中状态合并，检验score>5后是否能区分撤离、修复、追高和veto状态,未执行回测配置,results/v2/research/RD-20260619T083919Z-main-WEMY/EX-20260619T083927Z-main-URWL/a25_exit_chase_state_machine/,04_实验记录/EX-20260619T083927Z-main-URWL_A25撤离修复追高状态机只读面板预注册.md,DEC-20260619T084542Z-main-56R5,2026-06-19T08:39:27Z,2026-06-19T08:46:00Z,178个事件中无主分类或重叠状态通过；held_repair_keep仅2事件且H10为-11.80pct，held_distribution_exit方向较好但17事件样本不足。,当前可见字段版A25 park；不扩日频/分钟阈值，后续转外部注意力/派发数据或真实订单生命周期。
EX-20260619T091618Z-main-MKG3,RD-20260619T083919Z-main-WEMY,completed,completed_no_a26_state_passed_park,A26成交换手涨停压力修复派发只读面板,在A25事件上加入成交额、成交量、13:09成交形态和涨停压力，检验能否识别修复反弹、派发撤离和小预算追高。,未执行回测配置,results/v2/research/RD-20260619T083919Z-main-WEMY/EX-20260619T091618Z-main-MKG3/a26_turnover_limit_attention/,04_实验记录/EX-20260619T091618Z-main-MKG3_A26成交换手涨停压力修复派发只读面板.md,DEC-20260619T092251Z-main-DNLA,2026-06-19T09:16:18Z,2026-06-19T09:28:00Z,178事件日频成交额覆盖完整、raw分钟覆盖178/178，但无状态通过；held_orderly_repair_keep为0，held_volume_distribution_exit仅5事件且H10=-5.01pct，new_orderly_attention_chase 7事件H10=-11.79pct。,停止扩现有可见字段阈值；后续只走真实订单生命周期或真正外部注意力/微观结构数据。
EX-20260619T093316Z-main-6TXM,RD-20260619T083919Z-main-WEMY,completed,readonly_completed_entry_blocked,A27真实订单生命周期与外部注意力入口门禁,检查A25/A26失败后是否具备真实订单生命周期或外部注意力/微观结构数据入口。,configs/v2_portfolio_smallcap_etf_dual_pool_50_50.json,results/v2/research/RD-20260619T083919Z-main-WEMY/EX-20260619T093316Z-main-6TXM/a27_order_attention_gate/,04_实验记录/EX-20260619T093316Z-main-6TXM_A27真实订单生命周期与外部注意力入口门禁.md,DEC-20260619T093740Z-main-ZDD3;DEC-20260619T100752Z-main-HJGJ,2026-06-19T09:33:16Z,2026-06-19T10:09:00Z,QMT诊断为qmt_client_process_not_found且唯一硬失败为qmt_process_found；ClickHouse候选表只有jq_daily_limit_status_full，无非空tick/盘口/情绪等新表；JQ tick探针仅995行；后续按用户判断排除QMT主路线。,WEMY保持park；不再等待QMT，先完成非QMT外部注意力/盘口/逐笔/融资/搜索情绪等历史化数据建设门禁。
EX-20260619T113348Z-main-UN96,RD-20260619T083919Z-main-WEMY,completed,completed_data_gate_passed,A28非QMT量价结构状态机数据门禁,检验66QH M1-M16顶刊量价结构机制能否在A25/A26的178个hard5高分事件上用非QMT历史数据构造，并做只读强线索排序。,scripts/research/analyze_a28_volume_price_structure_gate.py;src/tests/scripts/test_analyze_a28_volume_price_structure_gate.py,results/v2/research/RD-20260619T083919Z-main-WEMY/EX-20260619T113348Z-main-UN96/a28_volume_price_structure_gate/summary.json;results/v2/research/RD-20260619T083919Z-main-WEMY/EX-20260619T113348Z-main-UN96/a28_volume_price_structure_gate/a28_mechanism_summary.csv;results/v2/research/RD-20260619T083919Z-main-WEMY/EX-20260619T113348Z-main-UN96/a28_volume_price_structure_gate/a28_feature_coverage.csv;results/v2/research/RD-20260619T083919Z-main-WEMY/EX-20260619T113348Z-main-UN96/a28_volume_price_structure_gate/a28_event_panel.csv,04_实验记录/EX-20260619T113348Z-main-UN96_A28非QMT量价结构状态机数据门禁.md,DEC-20260619T114146Z-main-5E5G,2026-06-19T11:33:48Z,2026-06-19T11:43:00Z,A28数据门禁通过：178事件，日频最低覆盖98.88%，A26分钟代理最低覆盖99.44%，19个拆分机制可算；4个strong hint均为过热veto，m14/m04/m12/m01高量晚期H10 effect均值约+4.59/+4.19/+3.47/+2.00pp。,新开A29过热veto组合层formal；不直接改hard5，不放开可追/修复。
EX-20260620T022611Z-main-FZM4,RD-20260620T022601Z-main-GHZL,active,completed_observe,MAX彩票式过热只读面板预注册,在hard5高分事件中高MAX单日暴涨型后续H5H10弱于低MAX连续温和上涨型且差异不能被随机同MAX桶、错位一日、同主题随机、涨停板分层负控复制,,results/v2/research/RD-20260620T022601Z-main-GHZL/EX-20260620T022611Z-main-FZM4/fzm4_max_lottery_panel/,04_实验记录/EX-20260620T022611Z-main-FZM4_MAX彩票式过热只读面板预注册.md,,2026-06-20T02:26:11Z,2026-06-20T07:30:00Z,已执行：高MAX桶H10 effect+0.041胜率72%方向支持Bali但十分位不单调且错位负控反转，A28二元版123事件+0.057更稳健，MAX用A28二元m04 veto,MAX纳入p_overheat用A28二元版不单独formal，转BL8Y和UEAC，错位负控反转需方法论实验
EX-20260620T052156Z-main-BL8Y,RD-20260620T052147Z-main-8AB7,active,completed_observe,横截面离散度组合层保守开关只读面板预注册,在hard5高分事件中低CSdispersion普涨冲顶桶后续H5H10弱于高CSdispersion分化健康桶且差异不能被随机同dispersion桶错位一日M10市场状态分层波动率分层负控复制且与M10正交,,results/v2/research/RD-20260620T052147Z-main-8AB7/EX-20260620T052156Z-main-BL8Y/bl8y_cs_dispersion_panel/,04_实验记录/EX-20260620T052156Z-main-BL8Y_横截面离散度组合层保守开关只读面板预注册.md,,2026-06-20T05:21:56Z,2026-06-20T08:00:00Z,已执行：低离散H10+0.018胜率59.5%方向支持StiversSun且与M10正交性初步成立但样本不足分段不一致错位反转,CS dispersion纳入p_crash组合层字段候选，转UEAC验证过程层，错位负控反转是跨方向系统性问题
EX-20260620T052616Z-main-UEAC,RD-20260620T052601Z-main-3B2X,active,completed_observe,GSADF爆炸性泡沫只读面板预注册,在hard5高分事件中GSADF显著爆炸性桶后续H5H10弱于GSADF不显著平稳趋势桶且差异不能被随机同GSADF桶错位一日MAX分层nearness分层负控复制且与MAX正交与nearness正交,,results/v2/research/RD-20260620T052601Z-main-3B2X/EX-20260620T052616Z-main-UEAC/ueac_gsadf_panel/,04_实验记录/EX-20260620T052616Z-main-UEAC_GSADF爆炸性泡沫只读面板预注册.md,,2026-06-20T05:26:16Z,2026-06-20T08:30:00Z,已执行：方向与预测相反高爆炸性H10+0.022低于低爆炸性+0.059胜率50%，ETF爆炸性是趋势加速良性阶段非泡沫尾声，纯numpy简化ADF有不确定性,GSADF不纳入p_overheat作方法资产保留，三方向综合判断组合MAX加CS dispersion做双概率软预算复核
EX-20260620T094932Z-main-S8BP,RD-20260620T052147Z-main-8AB7,park,completed,CS dispersion组合层双方向配对formal,两候选(loosen-low/loosen-high)均未过4/4final+3/4MDD+cost2x门槛;cand≠ref通过(gate有信息量)但早段过度放行输晚段适度放行赢无法两全;组合层标量无法区分普涨健康vs普涨冲顶,DEC-20260620T150805Z-main-XSNQ,,04_实验记录/EX-20260620T094932Z-main-S8BP_CS dispersion 组合层双方向配对 formal.md,results/v2/research/R010-A22/cs_dispersion_paired/EX-20260620T094932Z-main-S8BP/summary/formal/summary.json,2026-06-20T09:49:32Z,2026-06-20T18:30:00Z,park:两候选均未过门槛;参数矩阵无必要(低离散含义时段依赖非阈值问题);转向顶刊新立项MECH-MATN隔夜收益知情交易,首选立项MECH-MATN隔夜收益(p_repair个股层);次选MECH-2JVB拥挤度;CS dispersion留作未来双概率联合条件先验
EX-20260621T015355Z-main-F44P,RD-20260619T083919Z-main-WEMY,park,completed,A29 frozen-veto组合层双方向配对formal,联合veto仅2/4段赢hard5(2020/2024赢2022/2025输);2025段惨败-66%(veto误伤修复反弹);m12主导联合veto;m14/m04/m01因全池聚合口径失真(ETF达不到个股级阈值)从不命中;veto≠ref通过(0.78)gate有信息量,DEC-20260621T024805Z-main-CHCD,,04_实验记录/EX-20260621T015355Z-main-F44P_A29 frozen-veto 组合层双方向配对 formal.md,results/v2/research/R010-A22/frozen_veto_paired/EX-20260621T015355Z-main-F44P/summary/formal/summary.json,2026-06-21T01:53:55Z,2026-06-22T09:30:00Z,park:联合veto未过门槛+实现bug(m14/m04/m01口径失真);参数矩阵无必要(veto阈值frozen);核心矛盾:同一信号在不同时段含义相反(过热vs修复),"转向MECH-MATN隔夜收益知情交易(p_repair个股层,区分过热vs修复);WEMY park;A28四veto留作未来多信号联合候选"
EX-20260622T030348Z-main-J3YY,RD-20260622T030341Z-main-S2T4,completed,completed,隔夜收益数据门禁与字段质量审计,验证jq_bar_daily的open_price/pre_close在A股ETF上的覆盖率;门禁阈值95%,DEC-20260621T024805Z-main-CHCD,,04_实验记录/EX-20260622T030348Z-main-J3YY_隔夜收益数据门禁与字段质量审计.md,results/v2/research/RD-20260622T030341Z-main-S2T4/EX-20260622T030348Z-main-J3YY/summary.json,2026-06-22T03:03:48Z,2026-06-22T03:50:00Z,"PASSED:open/pre_close/overnight/intraday覆盖率100%,事件join率100%(361/361);隔夜std0.011日内std0.018分布健康;数据链路完全可行",只读面板预注册(仿BL8Y):隔夜占比分布+高分事件分层H10 effect+错位负控+正交性检查
EX-20260622T031432Z-main-7TJU,RD-20260622T030341Z-main-S2T4,observe,completed,隔夜收益知情交易只读面板,验证隔夜主导=知情延续假设;361事件按overnight_share_5分high/low桶算H10 effect,,,04_实验记录/EX-20260622T031432Z-main-7TJU_隔夜收益知情交易只读面板预注册.md,results/v2/research/RD-20260622T030341Z-main-S2T4/EX-20260622T031432Z-main-7TJU/summary.json,2026-06-22T03:14:32Z,2026-06-22T04:00:00Z,quality_gate FAILED:high桶(隔夜主导)H10胜率50.7%分段1/7未过;但low桶(日内主导)H10 effect+0.0434胜率61.7%p10-0.074方向与理论相反(A股日内=趋势延续非噪声);observe待补错位负控,补错位一日负控确认low桶稳健性;若通过则low桶(日内主导放行)可作为p_repair反向候选新开formal
EX-20260622T033017Z-main-PNV8,RD-20260622T030341Z-main-S2T4,revise,completed,隔夜收益日内主导放行V1组合层formal,V1 cap70版: 修复全池min bug后median聚合; thr-0.40 2/4段赢; 参数矩阵thr-0.50达3/4; 退出诊断5-7分10天满仓最优(均值+5.33%/胜率71%),,,04_实验记录/EX-20260622T033017Z-main-PNV8_隔夜收益日内主导放行组合层formal.md,results/v2/research/R010-A22/overnight_share_paired/EX-20260622T033017Z-main-PNV8/summary/formal/summary.json,2026-06-22T03:30:17Z,2026-06-22T10:00:00Z,revise: V1 cap70收益增量太小(+1.2%); 转V2完全放行(满仓max_score=8); 退出诊断5-7分10天最优,V2完全放行formal(6XCN); 分数5-7+满仓+竞争退出
EX-20260622T104131Z-main-6XCN,RD-20260622T030341Z-main-S2T4,revise,completed,隔夜收益完全放行V2组合层formal,V2满仓放行(max_score=8拦8+过热); low_share 1/4段赢(2020+15.2%) 但2022/2025仍输; cand!=ref通过(0.95差异),,,04_实验记录/EX-20260622T104131Z-main-6XCN_隔夜收益完全放行V2组合层formal.md,results/v2/research/R010-A22/overnight_v2_paired/EX-20260622T104131Z-main-6XCN/summary/formal/summary.json,2026-06-22T10:41:31Z,2026-06-22T12:00:00Z,revise: V2满仓比V1cap70更强(2020+15.2% vs +5.6%) 但仍1/4段赢; 2020段达+15.2%是所有方案最强单段超额; 需结合市场状态条件化,考虑时段条件化(只在趋势向上+广度足时启用放行) 或接受1-2段输看全年年化
EX-20260622T133000Z-main-7KMP,RD-20260622T030341Z-main-S2T4,park,completed_falsified_cost1x_cost2x,隔夜收益时段条件化市场状态gate组合层formal,"市场门方向性符合预期(2022熊市+0.6%/2025反弹+6.0%改善V2, MDD 3/4通过) 但候选0/4段反超hard5; 证伪条件触发3/5; cost2x结论一致; cand_full无门V2同样全段跑不过hard5→根源是hard5太强",configs/research/R010-A22/overnight_timed_paired/EX-20260622T133000Z-main-7KMP/formal/manifest.json,results/v2/research/R010-A22/overnight_timed_paired/EX-20260622T133000Z-main-7KMP/formal;results/v2/research/R010-A22/overnight_timed_paired/EX-20260622T133000Z-main-7KMP/summary/formal/summary.json;results/v2/research/R010-A22/overnight_timed_paired/EX-20260622T133000Z-main-7KMP/summary/formal/segment_metrics.csv,04_实验记录/EX-20260622T133000Z-main-7KMP_隔夜收益时段条件化市场状态gate组合层formal.md,DEC-20260622T163008Z-main-GHZE,2026-06-22T13:30:00Z,2026-06-22T16:45:00Z,"park: 市场门减伤有效但反超hard5无效; 全年年化V2微弱反超(+0.69pp cost1x)但不显著且源于单段几何放大; 隔夜放行方向搁置, hard5维持策略族上限",选项2全年年化已完成(V2微弱反超但不显著); 选项3分数上限设计完成待定是否跑
EX-20260623T015816Z-main-ZGHC,RD-20260623T015758Z-main-JFHA,completed,data_gate_completed,隔夜收益信号组合层落差归因纯离线可行性数据门禁,0行平台改动纯离线反推:exit_reason unknown 1.86%(<5%通过)+20笔正控100%+event_panel字段覆盖率buy_price/h5 100%/h10 99.45%/hard5_blocked 98.34%(全>=95%),"（无需平台配置,0行平台改动,0段回测）",results/v2/research/RD-20260623T015758Z-main-JFHA/EX-20260623T015816Z-main-ZGHC/exit_reasons_offline.csv;results/v2/research/RD-20260623T015758Z-main-JFHA/EX-20260623T015816Z-main-ZGHC/event_panel_enriched.csv;results/v2/research/RD-20260623T015758Z-main-JFHA/EX-20260623T015816Z-main-ZGHC/datagate_summary.json;results/v2/research/RD-20260623T015758Z-main-JFHA/EX-20260623T015816Z-main-ZGHC/event_panel_coverage.json;results/v2/research/RD-20260623T015758Z-main-JFHA/EX-20260623T015816Z-main-ZGHC/accuracy_positive_control.json,04_实验记录/EX-20260623T015816Z-main-ZGHC_隔夜收益信号组合层落差归因数据门禁.md,,2026-06-23T01:58:16Z,2026-06-23T15:30:00Z,门禁通过:rank_drop 90.4%/rebalance 4.4%/volume_stop 2.7%/stop_loss 0.6%/unknown 1.86%;关键修复signal_date/trade_date错位(T-1信号->T日交易)用【R010-B ACTION】JSON重建trade_date索引;reconstruct 7单测+enrich 5单测全通过,"下一步进落差归因只读面板:拆事件级+5.33%成4块(实际持有收益/提前卖出损失/踏空损失/仓位稀释),用exit_reasons_offline+event_panel_enriched+positions直接算"
EX-20260623T125125Z-main-UTMF,RD-20260623T125116Z-main-DVXD,completed,data_gate_completed,行业状态机与个股增强最小规格预注册,"验证在双池允许进攻时,行业收益×R²+扩散度+过热降权能否形成可用行业选择,且行业内TopN相对强弱个股能否跑赢行业ETF和随机TopN",configs/research/RD-20260623T125116Z-main-DVXD/EX-20260623T125125Z-main-UTMF/,results/v2/research/RD-20260623T125116Z-main-DVXD/EX-20260623T125125Z-main-UTMF/data_gate/,04_实验记录/EX-20260623T125125Z-main-UTMF_行业状态机与个股增强最小规格预注册.md,DEC-20260623T131037Z-main-M4XJ,2026-06-23T12:51:25Z,2026-06-23T13:10:37Z,数据门禁完成:个股可交易字段通过;个股行业映射和801行业指数/成分缺失;行业/主题ETF代理池可继续,新开行业/主题ETF代理池状态机只读面板;个股层需补历史行业成分或另开静态行业探索
EX-20260623T132332Z-main-MTPU,RD-20260623T125116Z-main-DVXD,completed,readonly_panel_completed,行业ETF代理池状态机只读面板,验证行业/主题ETF代理池能否形成可解释且不过度换手的状态机面板,scripts/research/analyze_mtpu_etf_proxy_state_panel.py,results/v2/research/RD-20260623T125116Z-main-DVXD/EX-20260623T132332Z-main-MTPU/,04_实验记录/EX-20260623T132332Z-main-MTPU_行业ETF代理池状态机只读面板.md,DEC-20260623T131037Z-main-M4XJ,2026-06-23T13:23:32Z,2026-06-23T13:27:47Z,"只读面板完成:保留324个ETF,1506个交易日;连续确认将Top1切换从682次降至198次,过热降权对切换贡献有限",新开收益验证实验:比较裸动量、过热降权、连续确认、组合版本的T+1/T+5/T+10未来收益
EX-20260623T133642Z-main-3GNZ,RD-20260623T125116Z-main-DVXD,completed,forward_return_panel_completed,行业ETF代理池状态机未来收益验证,比较裸动量、过热降权、连续确认、过热降权+连续确认四个版本的T+1/T+5/T+10未来收益,scripts/research/analyze_3gnz_etf_proxy_forward_returns.py,results/v2/research/RD-20260623T125116Z-main-DVXD/EX-20260623T133642Z-main-3GNZ/,04_实验记录/EX-20260623T133642Z-main-3GNZ_行业ETF代理池状态机未来收益验证.md,DEC-20260623T131037Z-main-M4XJ;DEC-20260623T133954Z-main-67YJ,2026-06-23T13:36:42Z,2026-06-23T13:39:45Z,"未来收益面板完成:final_top T+10均值最高;final_confirmed低于raw_top;保留过热降权单因子,暂停组合状态机","后续已由EX-2GV8错位负控覆盖:final_top路线暂停,不进交易化回测"
EX-20260623T134732Z-main-2GV8,RD-20260623T125116Z-main-DVXD,completed,negative_control_failed,final_top相对raw_top错位负控,检验final_top相对raw_top的T+10优势是否通过lead/lag错位和随机替换负控,scripts/research/analyze_2gv8_final_top_negative_controls.py,results/v2/research/RD-20260623T125116Z-main-DVXD/EX-20260623T134732Z-main-2GV8/,04_实验记录/EX-20260623T134732Z-main-2GV8_final_top相对raw_top错位负控.md,DEC-20260623T133954Z-main-67YJ;DEC-20260623T135036Z-main-PFMU,2026-06-23T13:47:32Z,2026-06-23T13:50:24Z,"负控失败:final_top_lead1强于正确日期,多个随机替换seed也为正;final_top不进入交易化回测",暂停ETF代理池final_top路线;后续回到历史行业成分或重新定义行业池
EX-20260623T234552Z-main-QKD7,RD-20260623T125116Z-main-DVXD,completed,data_source_inventory_completed,历史行业成分数据源盘点门禁,盘点当前平台是否已有可用于行业状态机后行业内选股的历史行业成分或行业映射数据,scripts/research/analyze_qkd7_historical_industry_source_inventory.py;scripts/research/test_qkd7_historical_industry_source_inventory.py,results/v2/research/RD-20260623T125116Z-main-DVXD/EX-20260623T234552Z-main-QKD7/,04_实验记录/EX-20260623T234552Z-main-QKD7_历史行业成分数据源盘点门禁.md,DEC-20260623T235142Z-main-2UF3,2026-06-23T23:45:52Z,2026-06-23T23:51:57Z,门禁失败:jq_stock_info和备份表行业字段覆盖率0;index_constituent_801和jq_bar_daily_801均0;文件扫描无疑似可用源数据;仅有聚宽API文档参考,暂停行业内个股增强实现;若继续先预注册历史行业成分导入方案并重做数据门禁
EX-20260624T013047Z-main-GTUS,RD-20260623T125116Z-main-DVXD,completed,storage_design_gate_completed_no_network,Tushare申万行业成分导入门禁,"设计Tushare申万行业成分的ClickHouse存储结构和导入前门禁,不联网不写库",scripts/research/prepare_gtus_tushare_sw_industry_import_gate.py;scripts/research/test_gtus_tushare_sw_industry_import_gate.py,results/v2/research/RD-20260623T125116Z-main-DVXD/EX-20260624T013047Z-main-GTUS/,04_实验记录/EX-20260624T013047Z-main-GTUS_Tushare申万行业成分导入门禁.md,DEC-20260624T013403Z-main-9AF6,2026-06-24T01:30:47Z,2026-06-24T01:34:12Z,存储设计完成:主事实源采用industry_stock_membership;保留ts_sw_industry_raw和sw_industry_classification;jq_stock_info不作历史事实源;index_constituent仅作完整快照兼容层,用户明确允许后运行Tushare小样本网络探针;探针通过后另开正式导入实验
EX-20260623T234233Z-main-E3TQ,RD-20260623T015758Z-main-JFHA,completed,formal_completed_with_revision,隔夜收益信号组合层落差归因只读面板,low桶信号组合层落差是否由rank_drop提前卖出造成,scripts/research/build_daily_attribution_e3tq.py,results/v2/research/RD-20260623T015758Z-main-JFHA/EX-20260623T234233Z-main-E3TQ/,04_实验记录/EX-20260623T234233Z-main-E3TQ_隔夜收益信号组合层落差归因只读面板.md,DEC-20260624T014933Z-main-3TWB,2026-06-23T23:42:33Z,2026-06-24T02:30:00Z,口径修订后账本闭环残差0%;退出非主因(rank_drop卖对-8.3%);根因是放行机制未生效27只信号标的仅12只入仓2020_2021段0只;park退出维度开RD-NQS5,park RD-JFHA退出维度;新开RD-NQS5诊断放行入池失效(配置bug还是池子不匹配)
EX-20260624T022318Z-main-9WDE,RD-20260624T014933Z-main-NQS5,completed,concept_mismatch_confirmed,双池轮动low桶放行机制概念错配确认,读代码+扫日志确认放行门是池子median门槛放宽score上限非个股信号选股;overnight链概念错配,"scripts/research/diagnose_release_funnel_9wde.py(原计划,概念错配确认后不再需要)",results/v2/research/RD-20260624T014933Z-main-NQS5/EX-20260624T022318Z-main-9WDE/,04_实验记录/EX-20260624T022318Z-main-9WDE_双池轮动low桶放行机制信号标的入池失效只读诊断.md,DEC-20260624T042716Z-main-KZ7L,2026-06-24T02:23:18Z,2026-06-24T05:00:00Z,概念错配确认:overnight_share_gate放行=放宽max_score(5->8)非指定买入low桶个股;cand45次触发全为loosen_on_low放宽门槛无一例选股;组合层按动量score选股与个股overnight_share无关;事件级与组合层两个low不是一回事,开DEC-KZ7L修正;5份资产加注记;low桶信号真实价值待新实验判定(把个股overnight_share写进score)
EX-20260624T061755Z-main-CXCP,RD-20260624T014933Z-main-NQS5,completed,formal_completed_signal_no_alpha,个股overnight_share选股价值只读模拟,首次真正测试个股overnight_share选股信号:三步走A覆盖率B事件级复现C组合层模拟,scripts/research/simulate_overnight_stockpicking_cxcp.py,results/v2/research/RD-20260624T014933Z-main-NQS5/EX-20260624T061755Z-main-CXCP/,04_实验记录/EX-20260624T061755Z-main-CXCP_个股overnight_share选股价值只读模拟 事件级信号在组合层可交易约束下是否复现.md,DEC-20260624T072541Z-main-G6M9,2026-06-24T06:17:55Z,2026-06-24T06:50:00Z,信号无alpha:low桶+0.50%但随机替换负控+0.42%超额仅+0.08%;C组合层0/4赢hard5且3段负收益;错位+1天几乎不变(+0.46%);EX-7TJU +5.33%是标的池差异+beta;overnight链彻底关闭,park整个overnight链;DEC-G6M9盖最终park章;重启门槛极高
EX-20260625T012736Z-main-IRPR,RD-20260605T115651Z-main-CORE,completed,completed,IR替代R2口径差异只读探针预注册,逐日同价格同窗口分别用 slope×R2 和 IR=slope/SE(slope) 打分，量化两套口径的排序差异与分歧日 IR 是否显著优于 R2，决定是否值得开正式挑战者实验,2026-06-25T04:00:00Z,2026-06-25T04:00:00Z,04_实验记录/EX-20260625T012736Z-main-IRPR_IR替代R2口径差异只读探针预注册.md,,2026-06-25T01:27:36Z,2026-06-25T04:00:00Z,探针落场景E：Spearman0.60/Top1重合0.00/IR极值99.62%。根因是货币债ETF(511880占55%、511360占30%)残差近乎零导致IR分母下溢、系统性霸榜，朴素IR在A股ETF池结构性失灵,主控kill朴素IR路径：鲁棒变体(winsorize/cap/池过滤)会破坏风险调整语义且T+5超额仅0.19%不显著，不建议自动开鲁棒变体探针；R2不再视为瓶颈
EX-20260625T054748Z-main-DGPR,RD-20260605T115651Z-main-DEF0,completed,completed,双门槛分数空仓只读探针预注册,在2020-2026全样本上对比规则A(最高分<2)/B(合格数<5)/C(双门槛)三种空仓信号在历史回撤期的覆盖率、段外误伤率、反弹误伤率，判断双门槛方案是否值得进入正式EX,2026-06-25T06:15:00Z,2026-06-25T06:15:00Z,04_实验记录/EX-20260625T054748Z-main-DGPR_双门槛分数空仓只读探针预注册.md,,2026-06-25T05:47:48Z,2026-06-25T06:15:00Z,规则C(双门槛)覆盖仅4.59%远低于预测50%，根因是A股ETF池里货币/债/避险ETF逆势站上均线导致合格数恒>=20、第二门槛结构性失效；规则A(单一最高分<2)覆盖42.7%但误伤偏高25.19%/16.67%,主控kill双门槛(规则C)；规则A保留为候选方向，建议下探针测连续N日确认防抖动变体或换第二门槛为Top3平均分60日滚动分位
EX-20260625T075938Z-main-RA1,RD-20260605T115651Z-main-DEF0,completed,completed,规则A低分切防御ETF正式回测,在策略代码etf_dual_pool_r010b_action_ablation.py接入规则A(最高分<2全切511880)，跑4段×2成本=8配置真回测，与baseline_hard5严格对照,2026-06-25T09:40:00Z,2026-06-25T09:40:00Z,04_实验记录/EX-20260625T075938Z-main-RA1_规则A低分切防御ETF正式回测预注册.md,,2026-06-25T07:59:38Z,2026-06-25T09:40:00Z,差年份回撤改善显著(2022_2023 +8.82pp收益仅牺牲3.59%，2024 +9.06pp)；好年份2025牺牲20%回撤反而恶化2.28pp；首次回测因默认字典缺字段规则A未触发，修复后重跑正常,场景B observe：规则A降回撤能力证实但不适合常驻；下一探针分析2025逐日触发设计防抖动变体
EX-20260625T110234Z-main-RA2,RD-20260605T115651Z-main-DEF0,completed,completed,规则A防抖动冷却期正式回测,规则A加连续3日确认+5日冷却期，跑8配置真回测，与RA1原版和baseline三方对比,2026-06-25T11:50:00Z,2026-06-25T11:50:00Z,04_实验记录/EX-20260625T110234Z-main-RA2_规则A防抖动冷却期正式回测预注册.md,,2026-06-25T11:02:34Z,2026-06-25T11:50:00Z,防抖动在好年份(2025 -20%→-12%)和震荡年份(2022 -3.6%→-0.67%)有改善，但慢跌年份2024恶化(-15.6%→-24.9%)。冷却期在持续下跌中过早恢复,场景B/C：防抖动是按下葫芦浮起瓢。制度识别器分析发现60日均值2.5能区分2022(2.40)和2024(2.62)，好年份2025/2026的0%触发。转入EX-RA3制度识别器方向
EX-20260626T001500Z-main-RA3,RD-20260605T115651Z-main-DEF0,completed,completed,制度识别器60日均值低分切防御正式回测,规则A改用60日max_score滚动均值<2.5替代当日分数判断，跑8配置真回测，与RA1/baseline四方对比,results/v2/research/R010-DEFENSE/rule_a_idle/EX-20260626T001500Z-main-RA3/formal/rule_a_regime/,results/v2/research/R010-DEFENSE/rule_a_idle/EX-20260626T001500Z-main-RA3/formal/rule_a_regime/,04_实验记录/EX-20260626T001500Z-main-RA3_制度识别器60日均值低分切防御正式回测预注册.md,DEC-20260626T024211Z-main-W4Q7,2026-06-26T00:15:00Z,2026-06-26T09:40:00Z,场景C kill全面更差：2024段baseline+67%被做成-9.5%(收益差-45.84%)，924行情被60日均值滞后漏光；2025牺牲11.71%(滞后渗漏)；连RA1在2022_2023的唯一胜利(改善8.82pp)都丢了反恶化1.46pp,场景C kill：60日均值窗口太长拐点反应迟钝且仍是分数单一信号撞2024悖论。跳出分数加ret20_breadth第二维度转EX-RA4
EX-20260626T014954Z-main-RA4,RD-20260605T115651Z-main-DEF0,draft,preregistered,分数ret20广度二维门控低分切防御正式回测,规则A加ret20_breadth(20日正收益标的占比)第二维度，分数<2且ret20<0.5才切防御ETF，跑8配置+1负控真回测，与RA1/RA3/baseline四方对比,configs/research/R010-DEFENSE/rule_a_idle/EX-20260626T014954Z-main-RA4/,results/v2/research/R010-DEFENSE/rule_a_idle/EX-20260626T014954Z-main-RA4/,04_实验记录/EX-20260626T014954Z-main-RA4_分数ret20广度二维门控低分切防御正式回测预注册.md,DEC-20260626T024211Z-main-W4Q7,2026-06-26T01:49:54Z,2026-06-26T10:00:00Z,预注册+诊断完成，回测进行中。只读诊断(baseline逐日STATE 916条)三大证据：ret20区分力+12.4%远强于ma20_breadth+3.6%；门控924前1天解除满仓吃满暴涨消灭RA3滞后渗漏；2025牛市误伤降至6%,按决策树A=promote/B=observe/C=kill判定；核心看2024能否吃到924反弹(vs RA3漏光)和2025牛市保护
EX-20260626T030352Z-main-RA5,RD-20260605T115651Z-main-DEF0,completed,completed,分数ret20hs300三维门控低分切防御正式回测,"规则A加沪深300 200日均线方向第三维度,分数<2且ret20<0.5且hs300在200日均线下才切防御ETF,跑8配置+1负控真回测",configs/research/R010-DEFENSE/rule_a_idle/EX-20260626T030352Z-main-RA5/,results/v2/research/R010-DEFENSE/rule_a_idle/EX-20260626T030352Z-main-RA5/,04_实验记录/EX-20260626T030352Z-main-RA5_分数ret20hs300三维门控低分切防御正式回测预注册.md,DEC-20260626T035024Z-main-K7R9,2026-06-26T03:03:52Z,2026-06-26T11:45:00Z,场景A promote_candidate! 全样本复合17.03x超越baseline15.68x(+8.6%) 五轮首次. 2025段-8.9%(vs RA4 -25.7%) 200日均线过滤牛市回调触发21->3次; 2024段+26.3%维持躲大跌吃924; 2022改善5.18pp; 负控byte-level通过,进入shadow灰度+阈值微扰(hs300 120/250日 广度0.45/0.55 分数1.8/2.2); 验证样本外和非过拟合后决定是否正式promote改实盘
EX-20260626T154216Z-main-RA6,RD-20260605T115651Z-main-DEF0,completed,completed_neighbors_passed,三维门控阈值微扰矩阵非过拟合验证,"RA5三维门控(分数2.0/广度0.5/hs300-200日)不是单点过拟合; OFAT 6邻域点(分数1.8/2.2 广度0.45/0.55 窗口120/250)各±1档, 6邻域×4段=24pair仅cost1x, 对标LVV7范本",configs/research/R010-DEFENSE/rule_a_idle/EX-20260626T154216Z-main-RA6/formal/,results/v2/research/R010-DEFENSE/rule_a_idle/EX-20260626T154216Z-main-RA6/,04_实验记录/EX-20260626T154216Z-main-RA6_三维门控阈值微扰矩阵非过拟合验证预注册.md,DEC-20260626T035024Z-main-K7R9,2026-06-26T15:42:16Z,2026-06-27T01:35:00Z,PASS非过拟合闭环! 6/6邻域点复合≥baseline95%(14.9x): score1p8 16.89x(+7.7%) score2p2 15.45x(-1.5%最低仍98.5%) breadth0p45 18.31x(+16.7%最强) breadth0p55 16.91x(+7.8%) window120 17.18x(+9.5%) window250 16.40x(+4.6%); 2024段6/6正贡献 2025段6/6牺牲≤12%; 0断崖 孤立最优False; 三维都不敏感,RA6通过维持promote_candidate; 本轮接shadow灰度改造(rule_a_idle新增shadow字段+分支+日志函数仿a22范本); 实盘hard5默认关闭三维门控但记shadow触发日志; shadow通过后再开DEC建议实盘引入; 不扩第四维度或交叉组合
EX-20260627T005518Z-main-GUWQ,RD-20260605T115651Z-main-DEF0,completed,completed_revise,RA7切防御连续确认治V型误伤,"RA5三维门控加entry_confirm连续确认治2025-04 V型误触发; entry_confirm_days邻域N=2/3/5, 3邻域x4段=12pair仅cost1x, 纯配置零代码复用RA5三维门控; 关键反例RA2单维entry_confirm=3按下葫芦浮起瓢2024恶化-24.9%, 本轮验证三维信号下不复现",configs/research/R010-DEFENSE/rule_a_idle/EX-20260627T005518Z-main-GUWQ/formal/,results/v2/research/R010-DEFENSE/rule_a_idle/EX-20260627T005518Z-main-GUWQ/,04_实验记录/EX-20260627T005518Z-main-GUWQ_RA7切防御连续确认治V型误伤.md,DEC-20260626T035024Z-main-K7R9,2026-06-27T00:55:18Z,2026-06-27T02:00:00Z,revise部分通过: N=3治2025有效(-8.9%转-5.0% MDD完全恢复-16.57%)且2024不恶化(entry_3 +17.4%>门槛+15% 不复现RA2分水岭达成) 复合17.033x与RA5持平; 但邻域不稳健N=2复合-1.7% N=5复合-3.0% 仅N=3甜区有单点嫌疑; N单调倒U暴露动作层对V型底部持续天数敏感,首选转向信号层备选A(ma200斜率只读诊断); 不直接采用N=3不promote; entry_confirm机制保留为已验证有效但不稳组件
EX-20260627T053730Z-main-JTX7,RD-20260605T115651Z-main-DEF0,completed,completed_single_point_passed,A2趋势破位ma200斜率治V型误伤,RA5第三维瞬时破位升级为趋势破位(close<ma200且ma200斜率<0); 诊断已证ma200斜率V型段0/21天转负真崩盘242/242为负; 4段cost1x单点formal; 代码改动约13行(配置2+读取2+斜率计算+判定分支)默认False退化RA5,configs/research/R010-DEFENSE/rule_a_idle/EX-20260627T053730Z-main-JTX7/formal/,results/v2/research/R010-DEFENSE/rule_a_idle/EX-20260627T053730Z-main-JTX7/,04_实验记录/EX-20260627T053730Z-main-JTX7_A2趋势破位ma200斜率治V型误伤.md,DEC-20260626T035024Z-main-K7R9,2026-06-27T05:37:30Z,2026-06-27T06:25:00Z,PASS单点formal: 四条证伪全过. 2025伤害完全清零(-8.9%转-0.0% MDD完全恢复-16.57%)诊断0/21在formal完美复现; 2024分水岭零差异(+26.3%与RA5分毫不差)诊断242/242在formal复现; 2022_2023反改善+2.8pp; 唯一代价2020_2021掉2.6pp(疫情底快速反弹被过滤); 复合18.719x超RA5+9.9%超baseline+19.4%下限空仓路线新最优,下轮做slope_window=10/30邻域验证对标RA6 OFAT确认非单点过拟合; 邻域通过后升级L2_robustness_neighbors_passed并入RA5 promote_candidate包或新开DEC更新shadow配置
EX-20260627T063703Z-main-XSFC,RD-20260605T115651Z-main-DEF0,completed,completed_neighbors_passed,A2n趋势破位斜率窗口邻域稳健性验证,A2单点formal的slope_window邻域验证; OFAT对标RA6范本; 2邻域(slope_window=10/30)x4段=8pair仅cost1x; 中心slope_window=20复用A2结果不重跑作消融对照; 纯配置零代码,configs/research/R010-DEFENSE/rule_a_idle/EX-20260627T063703Z-main-XSFC/formal/,results/v2/research/R010-DEFENSE/rule_a_idle/EX-20260627T063703Z-main-XSFC/,04_实验记录/EX-20260627T063703Z-main-XSFC_A2n趋势破位斜率窗口邻域稳健性验证.md,DEC-20260626T035024Z-main-K7R9,2026-06-27T06:37:03Z,2026-06-27T07:30:00Z,PASS邻域极其稳健: 四条证伪全过. 2020/2024/2025三段三窗口完全一致(零差异小数点都同)证明斜率方向不依赖窗口长度; 唯一2022_2023段单调合理差异(slope_10 -0.5% < 20 -5.5% < 30 -7.3% 窗口越短过滤越多反弹段误触发); 三窗口复合都在18.3x~19.7x窄带无孤立最优无断崖; slope_10反而最强19.714x(+25.7%)但不构成孤立最优; A2升级L2_robustness_neighbors_passed达RA6同等严谨度,A2趋势破位(slope_window=20)确认为非单点过拟合可并入RA5 promote_candidate包; 下限空仓路线最优方案从RA5瞬时(17.03x)升级为A2趋势破位(18.72x+9.9%); 下一步新开DEC决策卡更新shadow配置同步trend_break_enabled=True+slope_window=20积累样本外; 实盘promote仍需样本外shadow验证硬门槛
EX-20260627T135725Z-main-HUWV,RD-20260605T115651Z-main-DEF0,completed,completed,十一年长周期回测揭示4段空仓重置假象,连续单段2015-01~2026-05(约11.4年)持仓继承回测; baseline/RA5/A2三版本; 揭示4段空仓重置方法系统性高估防御门控效果(RA5 2024段4段-18.88%是空仓轻仓假象 十一年真实-31.87%); 负现金核查为已知结算行为(-0.04%非bug),configs/research/R010-DEFENSE/rule_a_idle/EX-20260627T053730Z-main-JTX7/decade2/,results/v2/research/R010-DEFENSE/rule_a_idle/EX-20260627T053730Z-main-JTX7/decade2/,04_实验记录/EX-20260627T135725Z-main-HUWV_十一年长周期回测揭示4段空仓重置假象.md,DEC-20260626T035024Z-main-K7R9/DEC-20260627T073551Z-main-DTH2,2026-06-27T13:57:25Z,2026-06-27T21:30:00Z,方法论级发现: 4段空仓重置高估防御效果. 十一年RA5 47.50x仍超baseline+27.4%但超额主因2015股灾(+17pp)非4段显示的2020-2025大跌防御; A2 39.43x落后RA5 -16.9%(4段假象A2超RA5+9.9%被推翻); A2致命盲区=牛顶崩盘零防御(2015前期大牛斜率仍正); 十一年MDD三版本几乎相同-31.9%防御对最大回撤改善有限,DEC-DTH2修订A2不升级降为可选组件; DEC-K7R9补注RA5真实价值主要2015类牛顶崩盘防御; 研究质量审计规范待更新4段偏差警示; 路线重点转向牛顶崩盘防御验证+样本外
EX-20260628T120000Z-main-D3,RD-20260605T115651Z-main-DEF0,completed,completed_root_cause_fixed,raw_closes缓存累加污染根因定论,平台代码_r010a_raw_closes用dict.update跨日累加永不清空冻结已退出池ETF价格序列污染广度依赖;方案A修复7810行每日整体替换+重跑十一年三段,results/v2/research/R010-DEFENSE/rule_a_idle/EX-20260627T053730Z-main-JTX7/decade5_fixed/,04_实验记录/EX-20260628T120000Z-main-D3_raw_closes缓存累加污染根因定论.md,DEC-20260627T073551Z-main-DTH2,2026-06-28T12:00:00Z,2026-06-28T18:00:00Z,raw_closes缓存累加bug根因定论+修复;铁证2024-06-25修复版三段median_ret全=-0.0403一致bug版全=+0.0093符号相反;修复版十一年baseline36.38x/A2 39.38x超baseline+8.2%全周期最优且对污染免疫/RA5 31.43x落后-13.6%;第三次反转A2重新最优,完成A2四项验证P1-P5;P2成本扰动需在十一年口径复核(见EX-A2C2X11Y),
EX-20260628T230000Z-main-A2COST,RD-20260605T115651Z-main-DEF0,completed,formal_completed_四段口径结论已被十一年cost2x推翻_见EX-A2C2X11Y,A2成本扰动cost2x/cost3x;四段口径下cost2x A2被baseline反超-5.2%;该结论已被EX-A2C2X11Y十一年口径推翻,configs/research/R010-DEFENSE/rule_a_idle/EX-20260627T053730Z-main-JTX7/formal/trend_break/cost2x_slip2bps/,results/v2/research/R010-DEFENSE/rule_a_idle/EX-20260627T053730Z-main-JTX7/formal/trend_break/cost2x_slip2bps/,04_实验记录/EX-20260628T230000Z-main-A2COST_A2成本扰动cost2xcost3x证伪预测超额依赖低换手假设.md,DEC-20260627T073551Z-main-DTH2,2026-06-28T23:00:00Z,2026-06-29T13:10:00Z,四段口径结论已被推翻:四段cost2x A2 14.866x被baseline反超-5.2%判定A2仅降回撤;但十一年cost2x证明A2仍优+12.86%(见EX-A2C2X11Y);根因四段空仓重置抹杀A2少换手优势,结论已被EX-A2C2X11Y推翻;原文保留作历史记录,
EX-20260629T120000Z-main-A2VERIFY,RD-20260605T115651Z-main-DEF0,completed,formal_completed_P2成本结论被十一年推翻_定位恢复综合最优_见EX-A2C2X11Y,A2四项验证综合报告P1-P4;第3节降回撤组件定位已被EX-A2C2X11Y推翻恢复综合最优,,04_实验记录/EX-20260629T120000Z-main-A2VERIFY_A2四项验证综合报告最终定位降回撤组件.md,DEC-20260627T073551Z-main-DTH2,2026-06-29T12:00:00Z,2026-06-29T13:20:00Z,定位已修订:A2通过P1未来函数/P3参数CV5.6%/P4消融breadth最关键;P2成本四段口径证伪已被十一年推翻;A2恢复实盘成本下综合最优(见EX-A2C2X11Y);样本外验证仍唯一硬门槛,结论以EX-A2C2X11Y为准;P1/P3/P4仍有效,,
EX-20260629T130000Z-main-A2C2X11Y,RD-20260605T115651Z-main-DEF0,completed,formal_completed_重大反转,十一年cost2x反转四段结论空仓减换手使成本反优,十一年持仓继承口径cost2x;预测超额缩水但实际扩大;A2空仓少换手162笔-6.2%使成本反优,configs/research/R010-DEFENSE/rule_a_idle/EX-20260627T053730Z-main-JTX7/formal/trend_break/cost2x_11yr_a2/,results/v2/research/R010-DEFENSE/rule_a_idle/EX-20260627T053730Z-main-JTX7/formal/trend_break/cost2x_11yr_a2/,04_实验记录/EX-20260629T130000Z-main-A2C2X11Y_A2十一年cost2x反转四段结论空仓减换手使成本反优.md,DEC-20260627T073551Z-main-DTH2,2026-06-29T13:00:00Z,2026-06-29T13:30:00Z,重大反转:十一年cost2x baseline25.749x/A2 29.190x(+12.86%超额比cost1x+8.24%更大)/RA5 23.228x;A2空仓少交易162笔-6.2%空仓省钱是隐藏价值;推翻EX-A2COST四段-5.2%结论;A2恢复实盘成本下综合最优;教训:评估防御策略成本稳健性必须用持仓继承长周期口径,样本外验证仍唯一硬门槛卡QMT;研究质量审计规范待补录3条教训
EX-20260629T140000Z-main-A2NOGRAD,RD-20260605T115651Z-main-DEF0,completed,formal_completed_消融证伪冗余猜测渐进式减仓是核心价值,A2消融拆掉r010b3_all_weak全系列(保持三关+A0-A4动作cap不变);证伪主控自身猜测渐进式减仓可能冗余,configs/research/R010-DEFENSE/rule_a_idle/EX-20260627T053730Z-main-JTX7/formal/trend_break/ablation_no_gradual_cost1x_11yr/,results/v2/research/R010-DEFENSE/rule_a_idle/EX-20260627T053730Z-main-JTX7/formal/trend_break/ablation_no_gradual_cost1x_11yr/,04_实验记录/EX-20260629T140000Z-main-A2NOGRAD_A2消融拆掉渐进式减仓回撤暴增10pp证伪冗余猜测.md,DEC-20260627T073551Z-main-DTH2,2026-06-29T14:00:00Z,2026-06-29T22:00:00Z,消融拆掉渐进式减仓后cost1x收益38.378x→28.949x(-24.6%)MDD-27%→-37%(恶化10pp);cost2x同理;机制铁证完整版327次B3_CAP overlay(环境转弱移10%风险仓到货币基金)消融版0次;两版cap分布相同(因为B3改最终权重分配非cap标签);分叉点2016-07震荡市非熊市;证伪主控预测冗余猜测;A2三层防御缺一不可保持配置不变,教训:直觉判断机制冗余可信度极低必须消融验证(第3次被打脸),
EX-20260629T145619Z-main-FXF4,RD-20260605T115651Z-main-DEF0,completed,diagnostic_completed_基准错配假设证伪_附带锁定反应式滞后通病,A2基准标的风格错配只读诊断,A2第三维用hs300做趋势基准但策略持仓偏中小盘成长;假设存在风格错配(中小盘slope转负早于hs300),scripts/research/diag_a2_benchmark_mismatch.py;scripts/research/diag_a2_benchmark_2015_detail.py;scripts/research/a2_benchmark_mismatch_result.json,scripts/research/a2_benchmark_mismatch_result.json,04_实验记录/EX-20260629T145619Z-main-FXF4_A2基准标的风格错配只读诊断.md,DEC-20260627T073551Z-main-DTH2,2026-06-29T14:56:19Z,2026-06-29T15:40:00Z,"基准错配假设证伪(仅2018成立中小盘早177天,2022反向,2024无差异,未达2段一致门槛);重大附带发现:2015牛顶崩盘所有基准ma200 slope都要214-224天才转负期间已跌42-54%,证明反应式slope滞后是通病不是hs300盲区;换基准治标不治本真方向是阶段2预警式两段防御",换基准方向终止(H1证伪);阶段2预警式预警式防御优先级提升;阶段0.4补2018/2022滞后量化+预警信号筛选;阶段0.2出口抖动按原计划
EX-20260629T151849Z-main-2ZBC,RD-20260605T115651Z-main-DEF0,completed,diagnostic_completed_抖动假设成立_定位2023反弹段_为出口确认formal提供靶子,A2出口抖动与不对称设计只读诊断,A2入口严(三关AND)出口松(任一恢复即切回无确认);假设趋势关在0附近抖动导致反复进出,scripts/research/diag_a2_exit_chatter.py,scripts/research/a2_exit_chatter_result.json,04_实验记录/EX-20260629T151849Z-main-2ZBC_A2出口抖动与不对称设计只读诊断.md,DEC-20260627T073551Z-main-DTH2,2026-06-29T15:18:49Z,2026-06-29T16:10:00Z,抖动假设成立(四预测全中):趋势关转正后5天内50%重入短段33%;抖动集中在2023反弹段(6次转正66.7%重入slope临界区58.3%)量化了EX-XSFC窗口敏感根因;附带验证A2趋势关抖动显著低于RA5瞬时关(24<37次33%<43%);出口确认exit_confirm有明确靶子(过滤2023段50%虚假转正),阶段1.1出口确认formal启动(exit_confirm邻域治2023抖动);阶段0.4补2018/2022滞后+预警信号筛选
EX-20260629T152523Z-main-NBWM,RD-20260605T115651Z-main-DEF0,completed,diagnostic_completed_锁定L2死叉为最优预警候选_L1跌幅速率因V型误报淘汰,A2反应式滞后量化与预警信号候选筛选,承接EX-FXF4补全滞后量化+筛选4个预警信号候选(领先slope转负且不V型误报),scripts/research/diag_a2_lag_and_leads.py,scripts/research/a2_lag_and_leads_result.json,04_实验记录/EX-20260629T152523Z-main-NBWM_A2反应式滞后量化与预警信号候选筛选.md,DEC-20260627T073551Z-main-DTH2,2026-06-29T15:25:23Z,2026-06-29T16:40:00Z,滞后量化:2015滞后221天回撤-43.8%/2018滞后155天-21.5%/2022滞后217天-10%(确认slope反应式滞后是通病);预警信号筛选:L2死叉(ma60下穿ma200)最优-2015提前见顶98天2018提前103天且2025V型不误报;L3距ma200<-3%次优;L4斜率加速度不稳;L1跌幅速率淘汰(2025V型误报);阶段2预警式首选L2死叉,阶段2启动:L2死叉先组合层formal+负控证超额≠0再接入A2两段防御;阶段1.1出口确认并行
EX-20260629T234837Z-main-XRTJ,RD-20260605T115651Z-main-DEF0,completed,formal_completed_十一年口径H1证伪_exit_confirm零净影响,A2出口确认exit_confirm_days邻域formal,给A2出口加连续确认(exit_confirm_days)治2023抖动;预注册假设能净改善收益,configs/research/R010-DEFENSE/rule_a_idle/EX-20260629T234837Z-main-XRTJ/formal/exit_confirm_11yr/,results/v2/research/R010-DEFENSE/rule_a_idle/EX-20260629T234837Z-main-XRTJ/,04_实验记录/EX-20260629T234837Z-main-XRTJ_A2出口确认exit_confirm_days邻域formal.md,DEC-20260627T073551Z-main-DTH2,2026-06-29T23:48:37Z,2026-06-30T10:30:00Z,H1证伪:exit_confirm对A2十一年最终收益零净影响(ec2/3/5与ec1完全相同cost1x3937776/cost2x3018986);中途2023/2024段有权益分歧但最终完全抵消;诊断EX-2ZBC证明抖动存在但formal证明抖动无影响;副产品:第三次确认四段口径误导(raw_closes修复后四段不触发空仓);教训:诊断证明机制存在不等于有效必须formal验证净效应,阶段1.1终止不adopt;转向阶段2 L2死叉预警(治本);教训写进研究质量审计规范
EX-20260629T234912Z-main-JA43,RD-20260605T115651Z-main-DEF0,completed,diagnostic_completed_L2死叉单独信号证伪_6次触发4次误报_预警式暂停,L2死叉预警信号组合层formal与负控,证L2死叉作为减仓信号组合层超额≠0;硬前提先证再接入A2,scripts/research/diag_l2_deathcross_11yr.py,,04_实验记录/EX-20260629T234912Z-main-JA43_L2死叉预警信号组合层formal与负控.md,DEC-20260627T073551Z-main-DTH2,2026-06-29T23:49:12Z,2026-06-30T11:00:00Z,前置诊断证伪(未进入formal):L2死叉十一年触发6次但4次误报(2020/2021/2024减仓后回撤仅-1.2到-3.6%);仅2018(-12.1%)和2023(-9.4%)有效;死叉后60天回撤中位数仅-3.3%;EX-NBWM盲区:领先slope转负不等于领先市场见顶(死叉是滞后指标2015更是9月才触发主跌已过);组合层极可能被负控反超;预警式方向暂停,阶段2预警式暂停;反应式滞后通病暂无可靠领先信号治愈;A2维持反应式综合最优;剩余阶段1.2斜率缓冲带/阶段0.3/样本外
EX-20260630T115352Z-main-QA5T,RD-20260605T115651Z-main-EXE0,completed,diagnostic_completed_重大发现_A2真实参与率10.27%远超预期_触碰低流动性ETF,A2策略容量上限与低流动性ETF冲击诊断,用户问如何解决滑点和冲击;用真实trades.csv+ClickHouse日均量算参与率,scripts/research/diag_a2_capacity_v2.py,scripts/research/diag_a2_capacity_v2_result.json,04_实验记录/EX-20260630T115352Z-main-QA5T_A2策略容量上限与低流动性ETF冲击诊断.md,,2026-06-30T11:53:52Z,2026-06-30T12:30:00Z,"重大发现修正子代理错误结论:A2真实参与率中位数10.27%(非0.04-0.08%),79.3%交易超1%门槛;复利后期恶化(2024中位29%/2026中位78%);触碰低流动性ETF(516190日均仅5.4万股参与率2533%,510070日均1.5万股);固定滑点在后期/低流动性ETF上严重失真;EX-A2C2X11Y综合最优结论可能被高估(待formal);口径局限:全历史平均ADV未用成交当日ADV/SlippageModel极端参与率爆炸",三个formal方向:低流动性ETF过滤(最高价值纯加法)/成交当日ADV口径修正/SlippageModel接入V2回测;当前可立即修复低流动性ETF过滤
EX-20260630T090000Z-main-CFCK,RD-20260605T133318Z-main-H6V3,completed,completed_readonly_panel,score横截面分布鸡头凤尾结构只读面板,ETF score横截面在分化/抱团期存在双峰或聚集带，可用聚类找动态分界点替代hard5,未执行回测配置（只读分布面板）,results/v2/research/RD-20260605T133318Z-main-H6V3/score_distribution_explore/,04_实验记录/EX-20260630T090000Z-main-CFCK_score横截面分布鸡头凤尾结构只读面板.md,,2026-06-30T09:00:00Z,2026-06-30T10:30:00Z,证伪双峰/聚类分界思路（20/20日期全单峰，分界std是均值2.3倍）；确认鸡头长尾现象（抱团期top5达70-105）,不扩聚类方法；转向离群点时序持续性或合流WEMY/A28过热veto路线
EX-20260701T020000Z-main-RSTR,RD-20260605T133318Z-main-H6V3,completed,completed_readonly_rooster_panel,动态鸡头横截面排名与后续收益追踪只读面板,极端高分鸡头被hard5删除后是真趋势还是过热；错位负控判断是alpha还是beta,未执行回测配置（只读分布面板）,results/v2/research/RD-20260605T133318Z-main-H6V3/rooster_panel/,04_实验记录/EX-20260701T020000Z-main-RSTR_动态鸡头横截面排名与后续收益追踪只读面板.md,,2026-07-01T02:00:00Z,2026-07-01T03:30:00Z,鸡头是高beta非alpha（错位负控1.29%复制鸡头1.32%）；hard5删它是合理风险权衡；hard5在分化期H10为负是真弱点,不扩鸡头口径；候选研究hard5为何在分化期选不准
EX-20260701T050000Z-main-REGM,RD-20260605T133318Z-main-H6V3,completed,completed_readonly_regime_strategy_panel,2026全年分数结构状态与调仓策略面板,不同结构状态下最优调仓方向不同；抱团期追中段不追鸡头,未执行回测配置（只读面板）,results/v2/research/RD-20260605T133318Z-main-H6V3/daily_structure_2026/;results/v2/research/RD-20260605T133318Z-main-H6V3/regime_strategy_panel/,04_实验记录/EX-20260701T050000Z-main-REGM_2026全年分数结构状态与调仓策略面板.md,,2026-07-01T05:00:00Z,2026-07-01T06:30:00Z,抱团期追鸡头5日后亏-5到-10%，追中段(2-5分)赚+1.5到3%；温和抱团该空仓；需跨期+负控验证,跨期验证2022/2024；错位负控确认alpha；若通过新开抱团期放行中段formal
EX-20260701T033946Z-main-MUG3,RD-20260701T033937Z-main-HTGA,completed,completed_smoke_passed,V科技队本地还原smoke预注册,删除外部下单封装和明文token后，原版V科技队策略可在本地joinquant模式完成短窗加载、调度和交易链路验证。,configs/research/RD-20260701T033937Z-main-HTGA/EX-20260701T033946Z-main-MUG3/vtech_smoke.json,results/v2/research/RD-20260701T033937Z-main-HTGA/EX-20260701T033946Z-main-MUG3/smoke/72f86de716834da9b114b363ecd1308f/,04_实验记录/EX-20260701T033946Z-main-MUG3_V科技队本地还原smoke预注册.md,,2026-07-01T03:39:46Z,2026-07-01T03:46:19Z,smoke通过：识别106只股票，事件表包含10:10清仓和14:30买入，短窗累计65笔成交；收益不作有效性结论。,新开正式复现、负控、成本扰动、容量和静态池偏差审计。
EX-20260701T035651Z-main-BMB4,RD-20260701T033937Z-main-HTGA,completed,completed_negative_control_failed,V科技队正式复现与首轮负控门禁,原版在2025首轮窗口应优于随机正分Top5和信号滞后一日，cost2x后不应完全丧失相对优势。,configs/research/RD-20260701T033937Z-main-HTGA/EX-20260701T035651Z-main-BMB4/vtech_original_2025_gate.json;configs/research/RD-20260701T033937Z-main-HTGA/EX-20260701T035651Z-main-BMB4/vtech_cost2x_2025_gate.json;configs/research/RD-20260701T033937Z-main-HTGA/EX-20260701T035651Z-main-BMB4/vtech_random_positive_2025_gate.json;configs/research/RD-20260701T033937Z-main-HTGA/EX-20260701T035651Z-main-BMB4/vtech_lag1_2025_gate.json,results/v2/research/RD-20260701T033937Z-main-HTGA/EX-20260701T035651Z-main-BMB4/,04_实验记录/EX-20260701T035651Z-main-BMB4_V科技队正式复现与首轮负控门禁.md,DEC-20260701T040358Z-main-CFP5,2026-07-01T03:56:51Z,2026-07-01T04:04:12Z,首轮门禁失败：原版-10.14%，随机正分Top5 -5.08%反超；cost2x降至-19.07%，直接实盘还原暂停。,多随机种子负控、排序贡献拆解、修正R2消融和成本来源归因。
EX-20260701T044905Z-main-MSMK,RD-20260701T033937Z-main-HTGA,completed,completed_9db_external_reproduction_failed,V科技队9db模拟实盘口径核验与2026复现,9db 70.74% 外部记录真实；检验桌面源码原版能否在同一 2026 窗口复现。,configs/research/RD-20260701T033937Z-main-HTGA/EX-20260701T044905Z-main-MSMK/vtech_original_9db_2026_window.json,results/v2/research/RD-20260701T033937Z-main-HTGA/EX-20260701T044905Z-main-MSMK/original_9db_2026_window/065c53decb2b4b75bf26907edd7bc83b/,04_实验记录/EX-20260701T044905Z-main-MSMK_V科技队9db模拟实盘口径核验与2026复现.md,DEC-20260701T040358Z-main-CFP5,2026-07-01T04:49:05Z,2026-07-01T04:58:25Z,9db 记录真实但当前桌面源码原版未复现：本地到 2026-06-30 仅 +1.07%，事件时间 10:10/14:30、最后持仓 5 只，与 9db 70.74%、11 只持仓和 13:21/09:30/09:31 节奏不符。,新开 9db 实际执行口径还原，先对齐持仓数、调仓时间和交易频率，再做负控和成本审计。
EX-20260701T050820Z-main-QL89,RD-20260701T033937Z-main-HTGA,completed,completed_execution_shape_partial_pass_return_fail,V科技队9db早盘再平衡口径候选复现,用9db公开执行约束预注册候选：09:30卖非目标、09:31买目标、首日13:21建仓、持仓11只。,configs/research/RD-20260701T033937Z-main-HTGA/EX-20260701T050820Z-main-QL89/vtech_9db_rebalance_11_2026_window.json,results/v2/research/RD-20260701T033937Z-main-HTGA/EX-20260701T050820Z-main-QL89/rebalance_11_2026_window/2624cd3b619241fdbc95a04b70bd981d/,04_实验记录/EX-20260701T050820Z-main-QL89_V科技队9db早盘再平衡口径候选复现.md,DEC-20260701T040358Z-main-CFP5,2026-07-01T05:08:20Z,2026-07-01T05:12:01Z,执行形状部分通过：事件时间对齐13:21/09:30/09:31，末日持仓11只，交易从289降到115；但收益仅+7.52%，MDD-29.90%，仍不能解释9db 70.74%。,不后验扫参数；优先取得完整明细或用公开接口反推持仓保持规则。
EX-20260701T112000Z-main-HLDR,RD-20260605T133318Z-main-H6V3,active,formal_completed_partial_pass,A2非拥挤常态旧仓保留换仓门槛预注册,验证非拥挤环境下健康旧仓不应只因动量分微弱落后被换走；5道闸全过才保留。,configs/research/RD-20260605T133318Z-main-H6V3/EX-20260701T112000Z-main-HLDR/,,04_实验记录/EX-20260701T112000Z-main-HLDR_A2非拥挤常态旧仓保留换仓门槛预注册.md,DEC-20260701T112100Z-main-KPHD,2026-07-01T11:20:00Z,2026-07-03T15:00:00Z,v2归因修正:四真因(非拥挤零判断/算法窗口滞后/超分旧仓无撤离/今日信号未调用);7/1复核确证普涨市动量领跌45.3%;加权治不了滞后(实测);方案扩展为撤离端7闸+进攻端今日否决(代码1879-1881行)；588220当日91%分位却被换走。预注册5道闸常态保留机制待回测。,"formal完成:H1撤离端7闸部分成立(连乘13.49x微超baseline13.34x,负控2.36x证非随机,牛市V型+18~27pp,震荡-22pp);H2进攻端证伪(4.04x);闸5 score差距是核心,其余6闸贡献小;需十一年持仓继承复核+参数网格;实盘仍hard5不变，cost1x/cost2x双档，验证减少卖强买弱且不因该换不换错过机会。"
EX-20260701T153000Z-main-D4FIX,RD-20260618T105950Z-main-7FY3,completed,formal_completed_data_repaired_scripts_hardened,V2管线数据缺失审计与根因修复,V2管线砍掉了repair/派生/门禁三大块+ch_writer DELETE吞异常，导致7类缺失/重复,,,04_实验记录/EX-20260701T153000Z-main-D4FIX_V2管线数据缺失审计与根因修复.md,,2026-07-01T15:30:00Z,2026-07-01T15:50:00Z,数据库曾有多处缺失和重复，根因是V2管线精简版砍掉了自动修复/派生同步/完整性检查，加上写入脚本DELETE失败继续写的bug。已修复全部缺失并给V2加回门禁和派生阶段。,B3 fund预下载后台中；下次V2运行验证门禁和派生正常
EX-20260702T045517Z-main-JGEG,RD-20260702T045340Z-main-Y4KC,completed,completed_readonly_beta_park,ETF全池1309市场状态GMM分类只读面板,13:09全池形态GMM分类预测次日收益;H1结构H2预测力H3盘中增量,scripts/research/analyze_etf_regime_1309_panel.py,results/v2/research/RD-20260702T045340Z-main-Y4KC/EX-20260702T045517Z-main-JGEG/,04_实验记录/EX-20260702T045517Z-main-JGEG_ETF全池1309市场状态GMM分类只读面板.md,,2026-07-02T04:55:17Z,2026-07-02T05:30:00Z,分类极稳(轮廓0.79)但预测力是beta(负控复制105%)非alpha;park FC2;hard5误杀状态依赖待独立负控,park本方向;hard5状态依赖误杀/保护可独立检验
EX-20260703T072709Z-main-HLDRX11,RD-20260605T133318Z-main-H6V3,active,promote_candidate,HLDR仅闸5十一年持仓继承复核,复核EX-HLDR ctrl_B(仅闸5)在十一年持仓继承口径下是否仍有效+gap参数敏感性。,configs/research/RD-20260702T020000Z-main-HLDR/ctrl_B_only_gap_11yr/,,04_实验记录/EX-20260703T072709Z-main-HLDRX11_HLDR仅闸5十一年持仓继承复核预注册.md,DEC-20260701T112100Z-main-KPHD,2026-07-04T10:30:00Z,2026-07-04T10:30:00Z,EX-HLDR 4段口径粗略需十一年复核;gap网格0.3/0.5/0.8/1.0验证非过拟合;baseline应≈29.190x(A2综合最优),formal+邻域完成:gap0.3连乘34.23x超baseline26.75x(+27%,MDD-27.25%);邻域0.2-0.4带小尖峰高地带CV9.7%临界通过;逐年级8/12赢12/12正收益;升级promote_candidate;下一步shadow，达标则证H1.1成立可考虑promote。
EX-20260703T081815Z-main-XTCN,RD-20260703T081815Z-main-LMIG,revise,conclusive_attribution_confound_order_pending,大QMT内置xtquant连通性smoke,外部pip xtquant随miniQMT清退;大QMT内置xtquant可替代;H1-H5五假设,,E:/xtquant/策略/smoke_bigqmt_builtin_python.py;E:/xtquant/策略/smoke_bigqmt_order_roundtrip.py,04_实验记录/EX-20260703T081815Z-main-XTCN_大QMT内置xtquant连通性smoke.md,,2026-07-03T08:18:15Z,2026-07-03T08:30:00Z,"【结论作废2026-07-03】原归因""大QMT内置xtquant直连""错误;12:23成功是miniQMT临时运行提供的后端;16:39核查mini进程全关/58610端口无监听/connect=-1;XtItClient本身不提供xtquant服务;迁移路线回原点;待重评EasyXT桥接/客户端内置框架/ptrade",受控重测区分mini vs XtItClient谁提供后端;重评EasyXT桥接/ptrade等替代方案
EX-20260704T055055Z-main-V21BS,RD-20260605T133318Z-main-H6V3,active,promote_candidate,V21基准确认V20加gap0.3协同有效,验证V20(A2三关LIVE)+gap0.3组合是否协同有效，确立为新基准V21。,configs/research/RD-20260702T020000Z-main-HLDR/v20_combo_11yr/v20_plus_gap03_11yr.json,results/v2/research/RD-20260702T020000Z-main-HLDR/v20_combo_11yr/v20_plus_gap03/,04_实验记录/EX-20260704T055055Z-main-V21BS_V21基准确认V20加gap0.3协同有效.md,DEC-20260701T112100Z-main-KPHD,2026-07-04T05:50:55Z,2026-07-04T05:50:55Z,"V20+gap0.3组合(V21)连乘35.52x≥max(V20 30.19x,gap0.3 34.23x)协同有效;逐年级全面最优(收益均值+38.12%/回撤均值-16.00%/12/12正);2024/2025双赢;2026+18.61pp;唯一弱2022-7.19pp;用户决策确立V21新基准","V21 shadow灰度上线(在V20加gap0.3旁路),样本外验证达标后替换V20非拥挤分支实盘化。"
EX-20260704T153310Z-main-ZVJH,RD-20260703T081815Z-main-LMIG,active,smoke_passed_order_pending,QMTsocket桥接连通性与并发验证,miniQMT清退后用tornado HTTP桥接让策略零改动迁移;H1全链路6/6;H2 passorder跨线程零崩溃156次;H3行情通道绕开58610;H4实盘DELTA待开盘,,E:/xtquant/策略/qmt_socket_server.py;E:/xtquant/策略/qmt_socket_client.py;E:/xtquant/策略/.venv/Lib/site-packages/xtquant/_bridge_client.py;E:/xtquant/策略/c2_test_inclient_v11.py;E:/xtquant/策略/c4_passorder_thread_safety_v1.py,04_实验记录/EX-20260704T153310Z-main-ZVJH_QMTsocket桥接连通性与并发验证.md,DEC-20260704T153323Z-main-ELB2,2026-07-04T15:33:10Z,2026-07-04T23:30:00Z,socket桥接6/6验证通过(ping/asset/positions/tick/连接/字段映射);daemon线程socket方案死(QMT单线程不支持accept卡死10038);改tornado IOLoop单线程事件循环(参考流光tid=63);passorder跨线程156次零崩溃;行情通道ContextInfo.get_full_tick绕开58610;实盘DELTA待周一开盘验证(非交易时段柜台不接收),周一开盘跑T4下单smoke(511880.SH买100股@废单价);DELTA>0则升级promote;bridge投产;shadow模式跑1天;小资金实盘1周;全量切换


EX-20260705T083000Z-main-JM24,RD-20260705T082951Z-main-QQ4W,completed,revise,状态机A2重构kofn投票三信号组合预注册,k-of-n投票状态机替换A2第三关反应式斜率;H1样本内2015回撤≥-15%且2025不误报,${LEGACY_QUANT_PLATFORM_ROOT}/configs/research/RD-DP00/EX-JM24/state_machine_v1.json,${LEGACY_QUANT_PLATFORM_ROOT}/results/v2/research/RD-DP00/EX-JM24/,04_实验记录/EX-20260705T083000Z-main-JM24_状态机A2重构kofn投票三信号组合预注册.md,,2026-07-05T08:30:00Z,2026-07-05T08:30:00Z,,启动 formal 135 组合参数扫描(5x3x3x3)+错位一日负控+随机100次+逐信号消融+邻域CV



EX-20260705T100753Z-main-WXNH,RD-20260705T082951Z-main-QQ4W,completed,revise,状态机OR逻辑三关重构治分数短路,smart_or治EX-JM24分数短路;H1=2015回撤≥-18%且2025不误报,${LEGACY_QUANT_PLATFORM_ROOT}/configs/research/RD-DP00/EX-JM25/,${LEGACY_QUANT_PLATFORM_ROOT}/results/v2/research/RD-DP00/EX-JM25/,04_实验记录/EX-20260705T100753Z-main-WXNH_状态机OR逻辑三关重构治分数短路.md,DEC-20260705T104158Z-main-BPGZ,2026-07-05T10:07:53Z,2026-07-05T19:30:00Z,,创建EX-JM26分市况条件化OR(熊市OR/牛市AND)



EX-20260705T112228Z-main-VYCD,RD-20260705T082951Z-main-QQ4W,completed,revise,分市况条件化OR逻辑治震荡市过度敏感,regime_gated_or牛市AND熊市OR;H1=2015≥-18%且2025/2022不退化,${LEGACY_QUANT_PLATFORM_ROOT}/configs/research/RD-DP00/EX-JM26/,${LEGACY_QUANT_PLATFORM_ROOT}/results/v2/research/RD-DP00/EX-JM26/,04_实验记录/EX-20260705T112228Z-main-VYCD_分市况条件化OR逻辑治震荡市过度敏感.md,DEC-20260705T121838Z-main-5USK,2026-07-05T11:22:28Z,2026-07-05T20:30:00Z,,创建EX-JM27精细化regime(波动率/趋势强度)



EX-20260705T122822Z-main-SJHC,RD-20260705T082951Z-main-QQ4W,completed,promote_candidate,波动率精细化regime治2022慢熊误报,vol_regime_or波动率>0.30=高波动OR否则AND;H1=三段全达标,${LEGACY_QUANT_PLATFORM_ROOT}/configs/research/RD-DP00/EX-JM27/,${LEGACY_QUANT_PLATFORM_ROOT}/results/v2/research/RD-DP00/EX-JM27/,04_实验记录/EX-20260705T122822Z-main-SJHC_波动率精细化regime治2022慢熊误报.md,DEC-20260705T130322Z-main-2ARE,2026-07-05T12:28:22Z,2026-07-05T21:30:00Z,,全周期连乘+邻域CV+消融;全通过后正式promote

EX-20260707T135354Z-main-WUFU,RD-20260707T135354Z-main-WUFU,archived,superseded_by_native_reproduction,五福闹新春全机械移植与5项门禁预注册,保存早期聚宽式机械移植及门禁证据，已被V2原生逐日对账实验取代,,,04_实验记录/EX-20260707T135354Z-main-WUFU_五福闹新春全机械移植与5项门禁预注册.md,,2026-07-07T13:53:54Z,2026-07-16T13:43:01Z,历史机械移植证据，旧收益与路径不得作为当前事实,只作历史参考，当前入口为EX-20260716T134301Z-codex-W5E2
EX-20260716T134301Z-codex-W5E2,RD-20260707T135354Z-main-WUFU,completed,retrospective_engineering_audit,五福V5.2原生复现逐日对账与择时交接审计,固化V2原生immediate模式366日逐日对账，并划清日内择时证据边界,configs/data_routing.json,聚宽策略/五福V5.2/25-26/position.csv,04_实验记录/EX-20260716T134301Z-codex-W5E2_五福V52原生复现逐日对账与择时交接审计.md,DEC-20260716T134301Z-codex-W5D2,2026-07-16T13:43:01Z,2026-07-16T13:43:01Z,immediate逐日对账366/366，最终权益727316.41；relative_timing为626474.68，仍属研究功能,先从现有结果分别建立卖出与买入事件分类，再预注册最小实验
EX-20260708T075117Z-main-6WED,RD-20260708T075106Z-main-3MHU,completed,formal_completed,阶段0基础设施验证,jqdatasdk纯API直连可在<=7天内完成13表全量历史拉取且配额充足，作为阶段1口径切换的前置基础设施,${LEGACY_QUANT_PLATFORM_ROOT}/src/quant_v2/jq_fetcher/;${LEGACY_QUANT_PLATFORM_ROOT}/scripts/jq_fetcher/jq_speed_benchmark.py,${LEGACY_QUANT_PLATFORM_ROOT}/tmp/jq_speed_benchmark_report.txt,04_实验记录/EX-20260708T075117Z-main-6WED_阶段0基础设施验证.md,,2026-07-08T07:51:17Z,2026-07-18T09:21:07Z,阶段0证明了聚宽纯API历史拉取的工期和配额可行性；旧jq_fetcher及其测试与报告现仅作为V1.4只读证据，当前V2已由quant_n3 jq_v3链路接管,阶段1已在V2完成；后续按jq-v3导入契约与每日更新器手册继续做完整性、导入恢复和回归审计，不恢复旧脚本
EX-20260716T144849Z-main-FQ6,RD-20260707T135354Z-main-WUFU,completed,diagnostic_audit,五福relative_timing的EBR诊断与10万亏损根因定位,用落盘metrics验证relative少赚10万是评分预测力不足(42.4%正改善)还是旧仓裸持,scripts/diagnose_relative_timing.py,tmp/diagnose_relative_full.json,04_实验记录/EX-20260716T144849Z-main-FQ6_五福relative_timing的EBR诊断与10万亏损根因定位.md,DEC-20260716T134301Z-codex-W5D2,2026-07-16T14:48:49Z,2026-07-18T07:58:39Z,relative换仓日无缺失但EBR正改善仅42.4%；后续探索已把主路线从限价单与固定延迟收束为分段买入正式验证,转EX-20260718T075832Z-codex-WVUV，不再扩EBR分量或固定延迟参数
EX-20260718T075734Z-codex-84DD,RD-20260707T135354Z-main-WUFU,completed,retrospective_exploratory_backtest,五福日内择时扩展区间探索复核,事后比较分段买入、固定60分钟延迟和2%止损在2020-2026扩展区间的表现；无预注册，只能形成L1候选,configs/data_routing.json;scripts/run_wufu_v52.py,tmp/wufu_full_20200102_immediate_stop95.json;tmp/wufu_full_20200102_staged_partial25_stop95.json;tmp/wufu_full_20200102_delay60_partial25_stop95.json;tmp/wufu_full_20200102_delay60_partial25_stop98.json;logs/fund-minute-pre-audit-2019-final.json,04_实验记录/EX-20260718T075734Z-codex-84DD_五福日内择时扩展区间探索复核.md,DEC-20260718T075740Z-codex-JDH3,2026-07-18T07:57:34Z,2026-07-18T07:58:39Z,staged 25%+5%相对immediate终值提高29.95%且MDD收窄2.25pp；delay60相对staged少11.06%，2%止损触发171次且更差；证据仅L1,按EX-WVUV完成成本、容量、邻域、随机负控和真正前向验证
EX-20260718T075832Z-codex-WVUV,RD-20260707T135354Z-main-WUFU,completed,formal_failed,五福分段买入正式稳健性验证预注册,冻结staged 25%+5%主候选，检验历史改善能否通过成本、容量、邻域、事件集中度、随机负控和真正前向门禁,scripts/run_wufu_v52.py;scripts/analyze_wufu_wvuv.py;configs/data_routing.json,results/wufu_v52/research/RD-20260707T135354Z-main-WUFU/EX-20260718T075832Z-codex-WVUV/,04_实验记录/EX-20260718T075832Z-codex-WVUV_五福分段买入正式稳健性验证预注册.md,DEC-20260718T075740Z-codex-JDH3;DEC-20260718T115551Z-codex-MDL5,2026-07-18T07:58:32Z,2026-07-19T00:42:36Z,"历史、双倍成本、邻域和贡献度通过，但随机负控p=0.1026且10万容量超参与率1.4767%，WVUV整体失败；后续复核确认70,745元只是复投路径期初资金软门禁，不是真实AUM容量",保持immediate+5%为唯一实盘基线；staged候选park，容量正式化必须真实限制部分成交并重算权益
EX-20260718T150237Z-main-SZ9J,RD-20260707T135354Z-main-WUFU,completed,formal_failed,五福分段买入策略级随机负对照验证,冻结269个恢复日与68次分段触发，随机生成99个日程并完整重跑订单、复利和风控，检验原生分段终值是否显著优于随机分配,scripts/run_wufu_v52.py;scripts/analyze_wufu_placebo_control.py;src/quant_n3/strategies/wufu/strategy.py;src/quant_n3/strategies/wufu/wvuv.py,results/wufu_v52/research/RD-20260707T135354Z-main-WUFU/EX-20260718T150237Z-main-SZ9J/,04_实验记录/EX-20260718T150237Z-main-SZ9J_五福分段买入策略级随机负对照验证.md,DEC-20260718T115551Z-codex-MDL5,2026-07-18T15:02:37Z,2026-07-19T00:07:45Z,99次完整随机回测与269/68执行审计全部通过，但8次随机终值不低于原生，随机95%分位20857869.26元高于原生且单侧p=0.09，正式失败,保持immediate+5%为权威实盘候选；staged 25%继续park，不换种子或调参挽救，若继续须另立日期判别新机制
EX-20260719T002559Z-codex-PC97,RD-20260707T135354Z-main-WUFU,completed,retrospective_robustness_completed_no_deployment,五福封闭数据候选稳健选择与PBO审计,在不增加数据和候选搜索空间的前提下，用8个冻结候选、12个连续时间块、CSCV PBO和区块bootstrap选择现有信息下最稳健版本,scripts/analyze_wufu_closed_selection.py;scripts/audit_wufu_capacity_interpretation.py;scripts/analyze_wufu_wvuv.py;configs/data_routing.json,results/wufu_v52/research/RD-20260707T135354Z-main-WUFU/EX-20260719T002559Z-codex-PC97/,04_实验记录/EX-20260719T002559Z-codex-PC97_五福封闭数据候选稳健选择与PBO审计.md,DEC-20260718T115551Z-codex-MDL5,2026-07-19T00:25:59Z,2026-07-19T00:42:36Z,924个CSCV半分割PBO=44.26%勉强通过；简约规则选择hysteresis，bootstrap终值胜率则staged20为75.46%；无候选具备明确容量通过证据，不产生部署赢家,保持immediate为唯一生产基线；冻结hysteresis与staged20研究候选，不扩参数，优先修正真实部分成交和恒定AUM容量口径
EX-20260719T010241Z-codex-A478,RD-20260707T135354Z-main-WUFU,completed,diagnostic_failed_trigger_mechanism,五福分段触发机制单调性与事件稳健性审计,不调整25%比例、不新增回测，隔离staged25相对hysteresis的68个弱趋势事件，检验总贡献、事件广度、年度广度和信号强弱单调性,scripts/analyze_wufu_trigger_reliability.py;src/quant_n3/strategies/wufu/wvuv.py,results/wufu_v52/research/RD-20260707T135354Z-main-WUFU/EX-20260719T010241Z-codex-A478/,04_实验记录/EX-20260719T010241Z-codex-A478_五福分段触发机制单调性与事件稳健性审计.md,DEC-20260718T115551Z-codex-MDL5,2026-07-19T01:02:41Z,2026-07-19T01:11:32Z,68事件合计相对收益+5.8217%，但中位贡献为负、正事件率45.59%、移除前5事件后-0.2584%，信号强弱单调性rho=+0.0678且p=0.7098；原分段触发机制失败,冻结staged比例家族且不把25%改为20%；如继续研究，只单独审计hysteresis等待机制，生产仍使用immediate
EX-20260719T011932Z-codex-Z37Y,RD-20260707T135354Z-main-WUFU,completed,diagnostic_failed_hysteresis_mechanism,五福hysteresis等待机制事件广度与直接成交审计,不运行新回测，隔离334个13:10明确下跌等待事件，同时检验组合贡献广度和同日同目标真实成交价节省,scripts/analyze_wufu_hysteresis_reliability.py;src/quant_n3/strategies/wufu/wvuv.py,results/wufu_v52/research/RD-20260707T135354Z-main-WUFU/EX-20260719T011932Z-codex-Z37Y/,04_实验记录/EX-20260719T011932Z-codex-Z37Y_五福hysteresis等待机制事件广度与直接成交审计.md,DEC-20260718T115551Z-codex-MDL5,2026-07-19T01:19:32Z,2026-07-19T01:29:45Z,334/334真实成交匹配且终值优势+24.4098%，但组合正事件率47.60%、成交价正节省率41.32%、中位节省为0，斜率单调性rho=+0.0213且p=0.6539；冻结hysteresis机制失败,hysteresis继续park且不进入随机日程回测；保留14:55强分组为事后机制线索，不直接改规则
EX-20260730T122753Z-main-52Z7,RD-20260707T135354Z-main-WUFU,completed,formal_failed_numeric_baseline_invalidated,五福事前波动率仓位替代固定止损预注册,冻结唯一20日波动率比仓位公式，检验其能否在不叠加机制的前提下替代固定5%止损,scripts/run_wufu_v52.py;src/quant_n3/strategies/wufu/strategy.py;src/quant_n3/strategies/wufu/run.py,results/wufu_v52/research/RD-20260707T135354Z-main-WUFU/EX-20260730T122753Z-main-52Z7/,04_实验记录/EX-20260730T122753Z-main-52Z7_五福事前波动率仓位替代固定止损预注册.md,DEC-20260730T132002Z-main-J5CA;DEC-20260803T061025Z-main-7BLW,2026-07-30T12:27:53Z,2026-08-03T06:10:25Z,原A/B/C数值受未来ETF拆分改写历史成交量；参数身份保留，终值、CAGR、回撤和波动率仓位结论降为历史线索,先冻结点时修复后的全区间A；只有用户仍优先该机制时才另开预注册复核，不扩参数
EX-20260730T143901Z-main-PXLM,RD-20260707T135354Z-main-WUFU,completed,diagnostic_failed,五福换仓质量与弱市旧仓反事实只读诊断,检验弱市关闭正常期0.9旧仓保留是否造成广泛的低质量换仓，不扫描新阈值,scripts/run_wufu_v52.py;src/quant_n3/strategies/wufu/strategy.py;scripts/analyze_wufu_switch_counterfactual.py,results/wufu_v52/research/RD-20260707T135354Z-main-WUFU/EX-20260730T143901Z-main-PXLM/,04_实验记录/EX-20260730T143901Z-main-PXLM_五福换仓质量与弱市旧仓反事实只读诊断.md,DEC-20260730T150023Z-main-AER2,2026-07-30T14:39:01Z,2026-07-30T15:00:15Z,弱市90%保留区间仅9次且实际换入目标平均多赚2.35个百分点，下行路径也更好，假设方向相反,维持弱市ratio=1.0且不扫描阈值；转向759次换仓中的隔日反转诊断
EX-20260730T150231Z-main-Q4HN,RD-20260707T135354Z-main-WUFU,completed,diagnostic_failed,五福隔日ABA往返换仓净损失只读诊断,检验相邻交易日A-B-A往返是否频繁且真实净亏损，从而决定是否值得测试两日目标确认,scripts/analyze_wufu_next_day_reversals.py;scripts/analyze_wufu_switch_counterfactual.py,results/wufu_v52/research/RD-20260707T135354Z-main-WUFU/EX-20260730T150231Z-main-Q4HN/,04_实验记录/EX-20260730T150231Z-main-Q4HN_五福隔日ABA往返换仓净损失只读诊断.md,DEC-20260730T150754Z-main-7R8J,2026-07-30T15:02:31Z,2026-07-30T15:07:54Z,77次隔日A-B-A覆盖7年，但中间B平均净赚0.372%、中位净赚0.298%，统一两日确认会延迟盈利短趋势,不测试日级确认或持有期网格；转向旧仓淘汰的互斥原因归因
EX-20260730T151053Z-main-6GT3,RD-20260707T135354Z-main-WUFU,completed,diagnostic_failed,五福旧仓淘汰互斥原因与换仓反事实归因,按生产流水线把759次换仓归为互斥原因，仅允许覆盖充分且跨年稳定伤害收益和下行路径的一个原因进入旧仓单过滤器豁免候选,scripts/analyze_wufu_incumbent_rejection.py;scripts/analyze_wufu_switch_counterfactual.py,results/wufu_v52/research/RD-20260707T135354Z-main-WUFU/EX-20260730T151053Z-main-6GT3/,04_实验记录/EX-20260730T151053Z-main-6GT3_五福旧仓淘汰互斥原因与换仓反事实归因.md,DEC-20260730T151536Z-main-3DKL,2026-07-30T15:10:53Z,2026-07-30T18:09:15Z,公司行动连续价值复核后，动量失败、成交量失败、低于候选阈值的目标减旧仓均值为+0.647%、-0.024%、+0.830%；成交量组也仅3/7年支持旧仓且删尾后换仓领先，零个原因通过全部门,不建立任何旧仓过滤器豁免，不切小市场状态或阈值；转向最大回撤持仓的入场错误与退出迟滞归因
EX-20260730T152018Z-main-3VAU,RD-20260707T135354Z-main-WUFU,completed,diagnostic_failed,五福既有5%阈值的持仓峰值回撤止损只读诊断,复用实盘已有5%阈值，检验从持仓峰值回撤5%的新增退出能否跨年减少继续持有损失并覆盖最大5个回撤段,scripts/analyze_wufu_trailing_stop.py;scripts/analyze_wufu_switch_counterfactual.py,results/wufu_v52/research/RD-20260707T135354Z-main-WUFU/EX-20260730T152018Z-main-3VAU/,04_实验记录/EX-20260730T152018Z-main-3VAU_五福既有5%阈值的持仓峰值回撤止损只读诊断.md,DEC-20260730T152704Z-main-3SEW,2026-07-30T15:20:18Z,2026-07-30T15:27:09Z,816个完整会话路径覆盖100%，但新增触发仅33次，假设提前退出平均少赚0.689%，仅1/7年和1/5主要回撤段有利,不建立移动止损候选，不扫描其他阈值；转向组合连续小亏的隔夜与日内时段归因
EX-20260730T153018Z-main-R38K,RD-20260707T135354Z-main-WUFU,completed,formal_failed,五福组合回撤首次3%穿越一日防御正式验证,复用既有3%组合回撤告警，只在每个水下期首次穿越日把目标改为既有防御ETF一天，检验能否同时提高收益并稳定降低回撤,scripts/run_wufu_v52.py;scripts/analyze_wufu_drawdown_defense.py;src/quant_n3/strategies/wufu/run.py;src/quant_n3/strategies/wufu/strategy.py,results/wufu_v52/research/RD-20260707T135354Z-main-WUFU/EX-20260730T153018Z-main-R38K/,04_实验记录/EX-20260730T153018Z-main-R38K_五福组合回撤首次3%穿越一日防御正式验证.md,DEC-20260730T160540Z-main-RDMN,2026-07-30T15:30:18Z,2026-07-30T16:05:57Z,61次真实防御覆盖7年，但CAGR下降9.22个百分点、最大回撤恶化1.07个百分点，七年收益全部落后,保持实盘冻结逻辑；不扫描阈值、天数或仓位；转向真实亏损的隔夜与日内时段归因
EX-20260730T161002Z-main-P22X,RD-20260707T135354Z-main-WUFU,completed,diagnostic_failed,五福入场20日相对波动率与持仓收益及主要回撤归因,检验实际入场目标的20日相对波动率是否与完整持仓净收益稳定负相关，从而决定是否允许测试满仓风险调整排序,scripts/analyze_wufu_entry_volatility.py;scripts/analyze_wufu_switch_counterfactual.py,results/wufu_v52/research/RD-20260707T135354Z-main-WUFU/EX-20260730T161002Z-main-P22X/,04_实验记录/EX-20260730T161002Z-main-P22X_五福入场20日相对波动率与持仓收益及主要回撤归因.md,DEC-20260730T161528Z-main-WYKW,2026-07-30T16:10:02Z,2026-07-30T16:15:28Z,816个会话覆盖100%，但Spearman为+0.0687且负相关置换p=0.9778；高波四分位收益更高、亏损率更低,不实现低波风险调整排序且不扫描波动率参数；转向组合权益的隔夜与日内时段归因
EX-20260730T161710Z-main-F6HK,RD-20260707T135354Z-main-WUFU,completed,diagnostic_failed,五福冻结组合权益隔夜与日内三时段归因,检验隔夜至晨间、晨间至13:10、13:10至收盘是否存在唯一跨年稳定负贡献且理想移除可同时提高CAGR并降低最大回撤至少1个百分点的时段,scripts/run_wufu_v52.py;scripts/analyze_wufu_time_segments.py;src/quant_n3/strategies/wufu/strategy.py,results/wufu_v52/research/RD-20260707T135354Z-main-WUFU/EX-20260730T161710Z-main-F6HK/,04_实验记录/EX-20260730T161710Z-main-F6HK_五福冻结组合权益隔夜与日内三时段归因.md,DEC-20260730T163552Z-main-5LMY,2026-07-30T16:17:10Z,2026-07-30T16:35:52Z,1584日完整重构；五大回撤均以晨间至13:10为最大负贡献，但该段七年全部为正，理想移除会把CAGR从125.87%压到20.22%,保持冻结时段逻辑，不切更细时点或市场状态；转向走弱期既有R2过滤只读归因
EX-20260730T164120Z-main-UXTQ,RD-20260707T135354Z-main-WUFU,completed,diagnostic_failed,五福走弱期沿用既有R2趋势质量过滤只读归因,检验走弱期现有passed_r2=false真实入场会话是否跨年稳定少赚多亏并承担主要回撤，从而决定是否测试弱市沿用现有R2过滤,scripts/analyze_wufu_weak_r2.py;src/quant_n3/strategies/wufu/strategy.py,results/wufu_v52/research/RD-20260707T135354Z-main-WUFU/EX-20260730T164120Z-main-UXTQ/,04_实验记录/EX-20260730T164120Z-main-UXTQ_五福走弱期沿用既有R2趋势质量过滤只读归因.md,DEC-20260730T164626Z-main-EX2K,2026-07-30T16:41:20Z,2026-07-30T16:46:26Z,低R2组57个，平均仍赚0.260%；虽6/7年少于通过组，但置换p=0.078且五大回撤负担门仅1/5,不实现弱市R2过滤、不扫描阈值；最后审计正常期未启用的既有10日均线条件
EX-20260730T164734Z-main-8FHC,RD-20260707T135354Z-main-WUFU,completed,diagnostic_failed,五福正常期沿用既有10日均线过滤只读归因,检验正常期现有passed_ma=false真实入场会话是否跨年稳定少赚多亏并承担主要回撤，从而决定是否测试正常期沿用现有10日均线过滤,scripts/analyze_wufu_normal_ma.py;src/quant_n3/strategies/wufu/strategy.py,results/wufu_v52/research/RD-20260707T135354Z-main-WUFU/EX-20260730T164734Z-main-8FHC/,04_实验记录/EX-20260730T164734Z-main-8FHC_五福正常期沿用既有10日均线过滤只读归因.md,DEC-20260730T165110Z-main-NY5K,2026-07-30T16:47:34Z,2026-07-30T16:51:10Z,443个正常期样本覆盖100%；均线失败组平均0.979%高于通过组0.749%，亏损率更低，置换p=0.702且五大回撤门0/5,保持正常期均线过滤关闭，不扫周期或阈值；转向无合格排名目标时防御ETF对比现金的无参数归因
EX-20260730T165558Z-main-A4EX,RD-20260707T135354Z-main-WUFU,completed,diagnostic_passed,五福无合格排名目标时防御ETF对比现金只读归因,检验空排名触发的511880完整持仓是否在基础成本和佣金减半口径下都跨年稳定不如现金，从而决定是否测试空排名持有现金,scripts/analyze_wufu_defensive_cash.py;src/quant_n3/strategies/wufu/strategy.py,results/wufu_v52/research/RD-20260707T135354Z-main-WUFU/EX-20260730T165558Z-main-A4EX/,04_实验记录/EX-20260730T165558Z-main-A4EX_五福无合格排名目标时防御ETF对比现金只读归因.md,DEC-20260730T170015Z-main-DAZB,2026-07-30T16:55:58Z,2026-07-30T17:00:15Z,57段平均持有3.32天；毛复合+0.412%，基础成本-0.726%，佣金减半仍-0.158%，基础成本6/7年不如现金，删除最差5段后仍为负,进入唯一无参数候选：空排名持有现金正式A/B；收益和回撤必须同时改善
EX-20260730T170020Z-main-PHBY,RD-20260707T135354Z-main-WUFU,completed,formal_failed,五福空排名持有现金对防御ETF正式AB,验证空排名持有现金是否在基础和半成本完整连续路径中提高CAGR且稳定降低或不恶化回撤,scripts/run_wufu_v52.py;scripts/analyze_wufu_cash_ab.py;src/quant_n3/strategies/wufu/run.py;src/quant_n3/strategies/wufu/strategy.py,results/wufu_v52/research/RD-20260707T135354Z-main-WUFU/EX-20260730T170020Z-main-PHBY/,04_实验记录/EX-20260730T170020Z-main-PHBY_五福空排名持有现金对防御ETF正式AB.md,DEC-20260730T172114Z-main-ECQ5,2026-07-30T17:00:20Z,2026-07-30T17:21:14Z,"B终值多154,779元、CAGR高0.259pp、全周期MDD改善0.045pp；但年度MDD仅4/7年不差、五大回撤仅3/5段不差，稳定门失败",否决空排名一律持有现金；不跑半成本、不切状态挽救；转向正常期90%旧仓保留只读归因
EX-20260730T172519Z-main-68ZP,RD-20260707T135354Z-main-WUFU,completed,diagnostic_failed,五福正常期90%旧仓保留相对Top1下一决策区间只读归因,检验正常期旧仓位于Top1分数90%至100%时，直接Top1能否在扣一次换仓成本后同时提高下一决策区间收益与下行表现,scripts/analyze_wufu_normal_retention.py;scripts/analyze_wufu_switch_counterfactual.py,results/wufu_v52/research/RD-20260707T135354Z-main-WUFU/EX-20260730T172519Z-main-68ZP/,04_实验记录/EX-20260730T172519Z-main-68ZP_五福正常期90%旧仓保留相对Top1下一决策区间只读归因.md,DEC-20260730T173033Z-main-EQND,2026-07-30T17:25:19Z,2026-07-30T17:30:33Z,72次事件覆盖7年且价格100%完整；直接Top1成本调整超额均值-0.505pp、中位-0.174pp，仅1/7年均值为正，区间下行也更差,保持正常期0.9旧仓保留；不跑正式A/B、不扫邻近阈值；转向真实深亏会话的离散退出状态归因
EX-20260730T173512Z-main-LVEE,RD-20260707T135354Z-main-WUFU,completed,diagnostic_failed,五福亏损换仓后空等一决策周期只读归因,检验真实净亏旧仓换出后，新目标下一决策周期是否跨年稳定亏损且集中承担主要回撤，从而决定是否测试一周期空等,scripts/analyze_wufu_loss_cooldown.py;scripts/analyze_wufu_switch_counterfactual.py;scripts/analyze_wufu_trailing_stop.py,results/wufu_v52/research/RD-20260707T135354Z-main-WUFU/EX-20260730T173512Z-main-LVEE/,04_实验记录/EX-20260730T173512Z-main-LVEE_五福亏损换仓后空等一决策周期只读归因.md,DEC-20260730T174007Z-main-T55R,2026-07-30T17:35:12Z,2026-07-30T17:40:07Z,341次事件100%可比；新目标下一周期平均+0.393%、中位+0.296%、7/7年均值为正；空等虽对4/5主要回撤有利但总体机会成本巨大,不做亏损后冷却、不追加回撤或市场状态切片；转向空排名继续持有旧仓相对防御ETF的独立归因
EX-20260730T174223Z-main-QGUP,RD-20260707T135354Z-main-WUFU,completed,diagnostic_failed,五福空排名继续持有旧仓相对防御ETF只读归因,检验空排名防御会话中继续持有同日刚卖出的旧仓，能否相对真实511880路径同时提高终点收益并稳定改善下行,scripts/analyze_wufu_defensive_keep_old.py;scripts/analyze_wufu_switch_counterfactual.py;scripts/analyze_wufu_trailing_stop.py,results/wufu_v52/research/RD-20260707T135354Z-main-WUFU/EX-20260730T174223Z-main-QGUP/,04_实验记录/EX-20260730T174223Z-main-QGUP_五福空排名继续持有旧仓相对防御ETF只读归因.md,DEC-20260730T174551Z-main-TJJT,2026-07-30T17:42:23Z,2026-07-30T17:45:51Z,57段100%可比；旧仓终点平均+0.220pp且5/7年占优，但删最有利5次后转负，最差路径中位深0.955pp且仅1/57不更差,保持空排名511880防御；不做旧仓保留A/B、不切样本挽救；转向正常期排名分数结构消融
EX-20260730T174745Z-main-57JC,RD-20260707T135354Z-main-WUFU,completed,diagnostic_failed,五福正常期候选池纯年化收益优先相对综合分只读归因,检验正常期现有候选池需要新买入时，纯年化收益最高者能否相对当前综合分最高者跨年稳定提高下一决策周期收益且不恶化下行,scripts/analyze_wufu_normal_annualized_priority.py;src/quant_n3/strategies/wufu/strategy.py,results/wufu_v52/research/RD-20260707T135354Z-main-WUFU/EX-20260730T174745Z-main-57JC/,04_实验记录/EX-20260730T174745Z-main-57JC_五福正常期候选池纯年化收益优先相对综合分只读归因.md,DEC-20260730T175202Z-main-HZS9,2026-07-30T17:47:45Z,2026-07-30T17:52:02Z,95次100%可比；纯年化目标平均少赚0.542pp、中位少赚0.364pp，7/7年平均超额为负且下行不劣率仅35.79%,保留当前年化收益乘R2综合分；不做正式A/B、不扫描权重或阈值；排名公式内消融到此停止
EX-20260730T175615Z-main-X97Y,RD-20260707T135354Z-main-WUFU,completed,diagnostic_failed,五福14点55强制补仓延至次日决策只读归因,检验14点55仍待买时延后强制新增仓位至下一交易日13点10，能否跨年稳定提高该仓位收益贡献并减少下行,scripts/analyze_wufu_force_deferral.py;scripts/analyze_wufu_switch_counterfactual.py;src/quant_n3/strategies/wufu/strategy.py,results/wufu_v52/research/RD-20260707T135354Z-main-WUFU/EX-20260730T175615Z-main-X97Y/,04_实验记录/EX-20260730T175615Z-main-X97Y_五福14点55强制补仓延至次日决策只读归因.md,DEC-20260730T180519Z-main-T8QC,2026-07-30T17:56:15Z,2026-07-30T18:05:19Z,57次100%可比；公司行动连续价值修正后延后贡献均值-0.094pp、中位-0.189pp、胜率40.35%，虽下行中位改善0.551pp但仅3/7年收益为正,保持14点55强制补仓；不做正式A/B、不按部分仓或次日换标切片；先审计全部跨日归因的公司行动口径
EX-20260730T181628Z-main-8A39,RD-20260707T135354Z-main-WUFU,completed,formal_failed,五福正常期固定池替代固定加动态池正式验证,检验正常期仅使用过滤后固定ETF池能否相对固定池加动态池同时提高CAGR并稳定降低最大回撤至少1个百分点,scripts/run_wufu_v52.py;src/quant_n3/strategies/wufu/strategy.py;src/quant_n3/strategies/wufu/run.py;scripts/analyze_wufu_pool_ab.py,results/wufu_v52/research/RD-20260707T135354Z-main-WUFU/EX-20260730T181628Z-main-8A39/,04_实验记录/EX-20260730T181628Z-main-8A39_五福正常期固定池替代固定加动态池正式验证.md,DEC-20260730T184054Z-main-BFQP,2026-07-30T18:16:28Z,2026-07-30T18:40:54Z,固定池B终值少986.91万元、CAGR低21.46pp且最大回撤扩大1.72pp；七年仅1年收益胜出、五大回撤仅2段不差,保留正常期固定池加动态池；不做固定池名单、动态池TopN、行业、池大小或流动性阈值搜索；转独立经济机制盘点
EX-20260730T185131Z-main-AH8J,RD-20260707T135354Z-main-WUFU,completed,formal_failed,五福始终正常期替代走弱状态切换正式消融,检验取消覆盖775个交易日的完整走弱分支并始终使用正常期合并池与过滤语义能否同时提高CAGR并稳定降低最大回撤至少1个百分点,scripts/run_wufu_v52.py;src/quant_n3/strategies/wufu/strategy.py;src/quant_n3/strategies/wufu/run.py;src/quant_n3/strategy_api/jq_bridge.py;scripts/analyze_wufu_regime_ab.py,results/wufu_v52/research/RD-20260707T135354Z-main-WUFU/EX-20260730T185131Z-main-AH8J/,04_实验记录/EX-20260730T185131Z-main-AH8J_五福始终正常期替代走弱状态切换正式消融.md,DEC-20260730T222948Z-main-SRST,2026-07-30T18:51:31Z,2026-07-30T22:29:48Z,始终正常期B终值少1510.93万元、CAGR低41.40pp且最大回撤扩大16.70pp；七年仅1年收益胜出，行为隔离通过,保留自适应走弱状态；不跑双倍成本、不拆票数/均线/上限/池/过滤/仓位挽救；转独立经济机制
EX-20260730T224334Z-main-2HKE,RD-20260707T135354Z-main-WUFU,completed,formal_failed,五福走弱期合并池替代全球池正式消融,检验走弱日继续保留状态、10日均线过滤和1.0旧仓门时，仅把候选池由全球池改为现有固定加动态合并池能否同时提高CAGR并稳定降低最大回撤至少1个百分点,scripts/run_wufu_v52.py;src/quant_n3/strategies/wufu/strategy.py;src/quant_n3/strategies/wufu/run.py;scripts/analyze_wufu_weak_pool_ab.py,results/wufu_v52/research/RD-20260707T135354Z-main-WUFU/EX-20260730T224334Z-main-2HKE/,04_实验记录/EX-20260730T224334Z-main-2HKE_五福走弱期合并池替代全球池正式消融.md,DEC-20260730T230832Z-main-QZHT,2026-07-30T22:43:34Z,2026-07-30T23:08:32Z,走弱合并池B终值少1747.65万元、CAGR低56.69pp且最大回撤扩大8.05pp；七年仅1年收益与回撤同时改善，行为隔离通过,保留走弱期全球池；不跑双倍成本，不拆ETF类别、池来源、TopN、流动性阈值或年份切片挽救；转独立机制只读归因
EX-20260730T231436Z-main-XDA6,RD-20260707T135354Z-main-WUFU,completed,formal_failed,五福日线指标只用已完成前收正式消融,检验价格型日线指标统一只用上一交易日已完成收盘、而当日量能和日内执行不变时，能否减少上午噪声并同时提高CAGR和稳定降低最大回撤至少1个百分点,scripts/run_wufu_v52.py;src/quant_n3/strategies/wufu/strategy.py;src/quant_n3/strategies/wufu/run.py;scripts/analyze_wufu_daily_signal_price_ab.py,results/wufu_v52/research/RD-20260707T135354Z-main-WUFU/EX-20260730T231436Z-main-XDA6/,04_实验记录/EX-20260730T231436Z-main-XDA6_五福日线指标只用已完成前收正式消融.md,DEC-20260730T233805Z-main-TJ5U,2026-07-30T23:14:36Z,2026-07-30T23:38:05Z,前收B终值少1639.17万元、CAGR低48.77pp且最大回撤扩大3.28pp；七年收益0/7胜出，581日目标变化且有效候选宇宙隔离通过,保留13:10价格参与日线指标；不跑双倍成本，不扫描开盘、10:30、收盘、滞后两日或混合权重；转新的独立经济机制
EX-20260730T234628Z-main-HT2G,RD-20260707T135354Z-main-WUFU,completed,diagnostic_failed,五福浮亏旧仓不享受正常期90%保留只读归因,检验正常期90%保留事件中旧仓已浮亏时，直接Top1能否跨年提高下一决策周期收益、改善下行并覆盖主要回撤,scripts/analyze_wufu_underwater_retention.py,results/wufu_v52/research/RD-20260707T135354Z-main-WUFU/EX-20260730T234628Z-main-HT2G/,04_实验记录/EX-20260730T234628Z-main-HT2G_五福浮亏旧仓不享受正常期90%保留只读归因.md,DEC-20260730T235129Z-main-K47E,2026-07-30T23:46:28Z,2026-07-30T23:51:29Z,72次成本状态100%匹配；浮亏29次，Top1平均少赚0.355pp、仅3/7年均值为正、五大回撤仅2段有样本且最大段0事件,保持正常期90%保留，不做浮亏豁免A/B，不扫描亏损幅度；下一轮只读穷尽完整持仓损失形态
EX-20260731T000609Z-main-9932,RD-20260707T135354Z-main-WUFU,completed,diagnostic_passed,五福完整持仓损失形态互斥归因,检验三个互斥亏损形态中是否存在唯一一类，同时主导总损失金额、至少5/7年和至少3/5主要回撤且覆盖最大回撤,scripts/analyze_wufu_loss_morphology.py,results/wufu_v52/research/RD-20260707T135354Z-main-WUFU/EX-20260731T000609Z-main-9932/,04_实验记录/EX-20260731T000609Z-main-9932_五福完整持仓损失形态互斥归因.md,DEC-20260731T001738Z-main-L8CV,2026-07-31T00:06:09Z,2026-07-31T00:17:38Z,816条路径100%可比；盈利后回吐265次，承担74.82%亏损金额，领先第二类61.22pp，并在7/7年和5/5主要回撤居首,只允许曾净盈利后首次回到净成本线的全会话只读反事实；不扫描利润、回撤或确认参数
EX-20260731T001947Z-main-37KB,RD-20260707T135354Z-main-WUFU,completed,diagnostic_failed,五福曾盈利后回到净成本线退出全会话只读反事实,检验最终完整建仓后曾按真实成本净盈利、随后首次回到净成本线即退出，对所有触发会话是否跨年稳定改善实际退出收益并覆盖主要回撤,scripts/analyze_wufu_breakeven_floor.py,results/wufu_v52/research/RD-20260707T135354Z-main-WUFU/EX-20260731T001947Z-main-37KB/,04_实验记录/EX-20260731T001947Z-main-37KB_五福曾盈利后回到净成本线退出全会话只读反事实.md,DEC-20260731T002408Z-main-3QMD,2026-07-31T00:19:47Z,2026-07-31T00:24:08Z,660次触发平均少赚0.842%、中位少赚0.240%、胜率42.73%、删尾仍负且0/7年改善；五大回撤虽5/5局部正贡献但靠洗掉354次赢家换取,否决成本线保护，不做正式A/B、不加确认或回撤状态挽救；既有持仓后价格路径保护路线收束
EX-20260731T003457Z-main-8J8J,RD-20260707T135354Z-main-WUFU,completed,formal_failed,五福成交量上限过滤器完整样本正式消融,检验只关闭既有volume_ratio小于1.8候选过滤，能否在冻结完整样本上同时提高收益、把最大回撤降低至少0.5个百分点并跨年覆盖主要回撤,scripts/run_wufu_v52.py;src/quant_n3/strategies/wufu/run.py;src/quant_n3/strategies/wufu/strategy.py;scripts/analyze_wufu_volume_filter_ab.py,results/wufu_v52/research/RD-20260707T135354Z-main-WUFU/EX-20260731T003457Z-main-8J8J/,04_实验记录/EX-20260731T003457Z-main-8J8J_五福成交量上限过滤器完整样本正式消融.md,DEC-20260731T005811Z-main-44MZ,2026-07-31T00:34:57Z,2026-07-31T00:58:11Z,删除过滤令最大回撤改善1.180pp且五大回撤5/5改善，但期末权益少689.61万元、CAGR低13.661pp、年度收益仅1/7胜出,保留成交量上限过滤；不运行成本扰动，不扫描1.8邻域、年份、ETF或回撤状态；转新的独立经济输入
EX-20260731T011036Z-main-TFW8,RD-20260707T135354Z-main-WUFU,completed,formal_failed,五福走弱期最高动量分低于0.5空仓正式验证,检验大A走弱期现有质量过滤后最高momentum_score低于0.5或无候选时卖出并空仓，能否同时提高收益并将最大回撤至少降低1个百分点,scripts/run_wufu_v52.py;src/quant_n3/strategies/wufu/run.py;src/quant_n3/strategies/wufu/strategy.py;scripts/analyze_wufu_weak_score_cash_ab.py,results/wufu_v52/research/RD-20260707T135354Z-main-WUFU/EX-20260731T011036Z-main-TFW8/,04_实验记录/EX-20260731T011036Z-main-TFW8_五福走弱期最高动量分低于零点五分空仓正式验证.md,DEC-20260731T013314Z-main-K4S2,2026-07-31T01:10:36Z,2026-07-31T01:40:00Z,规则279日真实触发，B期末少330.32万元、CAGR低5.961pp、最大回撤恶化0.794pp，年度收益仅2/7不差且最大回撤窗失败,保留原走弱期逻辑；不做cost2x，不扫描0.5邻域或状态特例；下一候选换新的独立下行风险输入
EX-20260731T023400Z-main-HNQZ,RD-20260707T135354Z-main-WUFU,completed,diagnostic_failed,五福旧仓新目标量价十六格日内延迟增量只读诊断,检验在旧仓和新目标价格四格之外加入13:10放量缩量状态，能否在留一年验证中更稳定地选择立即换或整组延迟5分钟,scripts/analyze_wufu_volume_price_grid.py,results/wufu_v52/research/RD-20260707T135354Z-main-WUFU/EX-20260731T023400Z-main-HNQZ/,04_实验记录/EX-20260731T023400Z-main-HNQZ_五福旧仓新目标量价十六格日内延迟增量只读诊断.md,DEC-20260731T024420Z-main-G4TT,2026-07-31T02:34:00Z,2026-07-31T02:45:01Z,505个事件价格覆盖100%；量价十六格相对价格四格改善1.449bps且置换p=0.026，但相对当前简单规则仅改善0.474bps，两个2bps实用门均失败,否决量价十六格状态机；保留当前双涨延迟规则，不做正式A/B，不扫描格子、量比阈值或延迟分钟
EX-20260731T031940Z-main-42WM,RD-20260707T135354Z-main-WUFU,completed,diagnostic_failed,五福持仓连续高开低走次日早卖只读诊断,检验当前持仓连续2日收涨但高开低走且分钟斜率为负后，次日早卖是否稳定优于持有至13:10，并要求连续3日确认更强,scripts/analyze_wufu_intraday_persistence.py,results/wufu_v52/research/RD-20260707T135354Z-main-WUFU/EX-20260731T031940Z-main-42WM/,04_实验记录/EX-20260731T031940Z-main-42WM_五福持仓连续高开低走次日早卖只读诊断.md,DEC-20260731T032930Z-main-X6GJ,2026-07-31T03:19:40Z,2026-07-31T03:29:48Z,1528个可用持仓日仅11次连续2日信号、1次连续3日；2日均值+4.848bps但中位-13.509bps、胜率27.27%、置换p=0.4775，3日为-1.565bps,否决固定2至3日高开低走次日早卖；保留13:10处理，不做正式A/B，不扫描确认天数、窗口、阈值、年份或ETF
EX-20260731T035311Z-main-SE2P,RD-20260707T135354Z-main-WUFU,completed,diagnostic_failed,五福高开后前五分钟承接失败早卖只读诊断,检验当前持仓已经高开但09:35跌破开盘价后，从09:36至09:40卖出是否稳定优于继续持有至13:10,scripts/analyze_wufu_opening_failure.py,results/wufu_v52/research/RD-20260707T135354Z-main-WUFU/EX-20260731T035311Z-main-SE2P/,04_实验记录/EX-20260731T035311Z-main-SE2P_五福高开后前五分钟承接失败早卖只读诊断.md,DEC-20260731T040004Z-main-RMV8,2026-07-31T03:53:11Z,2026-07-31T04:00:11Z,303次主信号净均值-3.940bps、中位-0.196bps、胜率43.89%；相对高开守住多10.844bps但置换p=0.4456，2023至2026连续为负,否决固定09:35承接失败早卖；保持13:10处理，不做正式A/B，不加入成交量、缺口、第二确认、年份或ETF筛选
EX-20260731T090249Z-main-JX32,RD-20260731T090245Z-main-KLCN,draft,development_smoke,DeepSeekV4Flash低成本新闻抽取校准预注册,固定OMP版本、模型、thinking、无工具边界、Prompt和Schema后，DeepSeek V4 Flash能在30篇校准材料中生成有原文证据的候选结构且无未拦截P0,${THINKTANK_PROJECT_ROOT}/benchmarks/news_extract_v0/eval_config.yml;${THINKTANK_PROJECT_ROOT}/benchmarks/news_extract_v0/prompt_v0.1.md;${THINKTANK_PROJECT_ROOT}/benchmarks/news_extract_v0/prompt_v0.2.md;${THINKTANK_PROJECT_ROOT}/benchmarks/news_extract_v0/prompt_v0.3.md;${THINKTANK_PROJECT_ROOT}/benchmarks/news_extract_v0/prompt_v0.4.md;${THINKTANK_PROJECT_ROOT}/benchmarks/news_extract_v0/review_prompt_v0.1.md;${THINKTANK_PROJECT_ROOT}/benchmarks/news_extract_v0/review_prompt_v0.2.md;${THINKTANK_PROJECT_ROOT}/benchmarks/news_extract_v0/review_prompt_v0.3.md;${THINKTANK_PROJECT_ROOT}/benchmarks/news_extract_v0/GOLD_REVIEW_PROTOCOL.md;${THINKTANK_PROJECT_ROOT}/benchmarks/news_extract_v0/corpus_manifest.jsonl;${THINKTANK_PROJECT_ROOT}/benchmarks/news_extract_v0/gold_labels.jsonl;${THINKTANK_PROJECT_ROOT}/benchmarks/news_extract_v0/coverage_expectations.jsonl;${THINKTANK_PROJECT_ROOT}/benchmarks/news_extract_v0/coverage_match_hints.jsonl;${THINKTANK_PROJECT_ROOT}/benchmarks/news_extract_v0/item_review_expectations.jsonl;${THINKTANK_PROJECT_ROOT}/config/schemas/news_extraction.schema.json;${THINKTANK_PROJECT_ROOT}/config/schemas/semantic_review_input.schema.json;${THINKTANK_PROJECT_ROOT}/config/schemas/semantic_review.schema.json;${THINKTANK_PROJECT_ROOT}/config/schemas/coverage_expectation.schema.json;${THINKTANK_PROJECT_ROOT}/config/schemas/coverage_match_hints.schema.json;${THINKTANK_PROJECT_ROOT}/config/schemas/item_review_expectation.schema.json,hot://evaluation/EX-20260731T090249Z-main-JX32/;hot://reviews/EX-20260731T090249Z-main-JX32/,04_实验记录/EX-20260731T090249Z-main-JX32_DeepSeekV4Flash低成本新闻抽取校准预注册.md,DEC-20260731T092724Z-main-7MPL;DEC-20260731T163828Z-main-4RG9,2026-07-31T09:02:49Z,2026-07-31T16:33:45Z,中央政策抽取v0.3首次3/3可解析、Claim 8/15；跨文体B2共6次调用、4次结构有效，但4个有效item/coverage门禁0/4通过；ANN Claim仅1/5，ANN与ADV遗漏召回均0/1，ADV重复否定作用域错误；旧运行仅legacy快照,保留Flash作为候选抽取和低风险分流，不作为唯一B2批准者；候选前冻结Item与Coverage期望后，用更高智能模型或人工同集对照，封存门禁通过前不部署事实写入
EX-20260731T164504Z-main-4N9B,RD-20260731T090245Z-main-KLCN,draft,preregistered,GPT5.6Luna中文新闻B2高智能对照预注册,固定ANN与ADV候选、双范围契约和评分sidecar后，GPT-5.6 Luna中等思考应抓住核心语义风险；点预测严格gate约3/4，正式通过线仍为4/4,${THINKTANK_PROJECT_ROOT}/benchmarks/news_extract_v0/review_prompt_v0.3.md;${THINKTANK_PROJECT_ROOT}/benchmarks/news_extract_v0/item_review_expectations.jsonl;${THINKTANK_PROJECT_ROOT}/benchmarks/news_extract_v0/coverage_expectations.jsonl;${THINKTANK_PROJECT_ROOT}/benchmarks/news_extract_v0/coverage_match_hints.jsonl;${THINKTANK_PROJECT_ROOT}/config/schemas/semantic_review_input.schema.json;${THINKTANK_PROJECT_ROOT}/config/schemas/semantic_review.schema.json,hot://reviews/EX-20260731T164504Z-main-4N9B/,04_实验记录/EX-20260731T164504Z-main-4N9B_GPT56Luna中文新闻B2高智能对照预注册.md,DEC-20260731T163828Z-main-4RG9,2026-07-31T16:45:04Z,2026-07-31T16:49:33Z,4个Luna专用复核包与input-only manifest已在任何正式输出前冻结，包哈希复核0错误；本机缺openai-codex认证，正式模型尝试仍为0，不能形成能力结论,完成OMP openai-codex登录后按冻结顺序4次首次调用；无格式重试，认证失败不进模型分母，输出后立即跑Item与Coverage评分
EX-20260731T165756Z-main-L6RP,RD-20260731T090245Z-main-KLCN,completed,development_smoke,候选记忆时间截断与混合召回纵向切片预注册,追加式候选记忆与固定混合评分应让当前事件A召回数月前相关B，同时100%过滤未来知识和默认隔离项并检出日志篡改,${THINKTANK_PROJECT_ROOT}/config/schemas/candidate_memory_record.schema.json;${THINKTANK_PROJECT_ROOT}/src/thinktank/memory/candidate.py,${THINKTANK_PROJECT_ROOT}/tests/test_candidate_memory.py;${THINKTANK_PROJECT_ROOT}/docs/架构/候选长期记忆.md,04_实验记录/EX-20260731T165756Z-main-L6RP_候选记忆时间截断与混合召回纵向切片预注册.md,DEC-20260731T163828Z-main-4RG9;DEC-20260731T092724Z-main-7MPL,2026-07-31T16:57:56Z,2026-07-31T17:08:38Z,固定夹具15项记忆测试通过：旧相关事件0.836229排第1，近期无关0.049360；未来、补录倒灌、默认隔离和未复核候选均0泄漏，裸复核状态与未获外部验证的自报哈希被拒绝，篡改检出1/1，全库71/71通过；仅L1工程证据,预注册真实中文事件族的BM25、向量、实体和图关系对照；保持候选与事实层分离，封存语义门禁前不开放PostgreSQL事实写入
EX-20260731T172539Z-main-MXET,RD-20260731T090245Z-main-KLCN,completed,development_completed,真实中文官方事件链混合召回开发基准,在至少10条隔离中文官方事件链和30条A事件查询上，text-only召回应明显胜过纯新近性，同时保持未来、自身和Gold字段零泄漏,${THINKTANK_PROJECT_ROOT}/benchmarks/memory_recall_cn_v0/benchmark_config.json;${THINKTANK_PROJECT_ROOT}/benchmarks/memory_recall_cn_v0/benchmark_manifest.json;${THINKTANK_PROJECT_ROOT}/config/schemas/recall_benchmark_*.schema.json;${THINKTANK_PROJECT_ROOT}/src/thinktank/memory/benchmark.py,hot://corpus/EX-20260731T172539Z-main-MXET/memory_recall_cn_v0/;hot://runs/memory_recall_cn_v0/baseline_v0/;${THINKTANK_PROJECT_ROOT}/benchmarks/memory_recall_cn_v0/baseline_v0_summary.json,04_实验记录/EX-20260731T172539Z-main-MXET_真实中文官方事件链混合召回开发基准预注册.md,DEC-20260731T182918Z-main-MXML;DEC-20260731T163828Z-main-4RG9;DEC-20260731T092724Z-main-7MPL,2026-07-31T17:25:39Z,2026-07-31T18:29:54Z,10链81篇30查询经独立复核和冻结后，BM25 Recall@5为0.950、Recall@10为0.989、MRR@10为0.817、nDCG@10为0.836，相对纯时间提升0.744且零未来/自召回；字符n-gram并列召回，粗结构混合退化,BM25接入候选记忆主召回并保留字符n-gram对照；另建按事件族隔离的未见封存集、真实持续采集时间轴和关系感知重排实验
EX-20260731T183919Z-main-UBEY,RD-20260731T090245Z-main-KLCN,completed,development_completed,候选记忆BM25主召回工程接入,在不改变RecallQuery JSON契约和候选记忆安全边界的前提下，将text_only_bm25设为默认并保留字符n-gram和旧混合显式算法,${THINKTANK_PROJECT_ROOT}/src/thinktank/memory/candidate.py;${THINKTANK_PROJECT_ROOT}/config/schemas/candidate_memory_record.schema.json,hot://runs/EX-20260731T183919Z-main-UBEY/candidate_bm25_integration/;${THINKTANK_PROJECT_ROOT}/tests/test_candidate_memory.py;${THINKTANK_PROJECT_ROOT}/docs/架构/候选长期记忆.md,04_实验记录/EX-20260731T183919Z-main-UBEY_候选记忆BM25主召回工程接入预注册.md,DEC-20260731T182918Z-main-MXML,2026-07-31T18:39:19Z,2026-07-31T18:55:54Z,默认BM25、显式字符n-gram和legacy hybrid已接入统一资格过滤；隐藏记录不参与IDF，空文本不静默回退，90/90测试通过且冻结manifest哈希不变；仅L1工程证据,增加候选记忆title字段并建立按事件族隔离的未见召回封存集，首次运行前冻结来源、查询、qrels和参数
EX-20260731T185740Z-main-5W2X,RD-20260731T090245Z-main-KLCN,completed,development_completed,候选记忆标题字段V2向前兼容迁移,在不改变v1规范JSON和哈希链的前提下新增强制标题的记录v2，使新写统一进入v2并让标题参与词法召回,${THINKTANK_PROJECT_ROOT}/config/schemas/candidate_memory_record.schema.json;${THINKTANK_PROJECT_ROOT}/src/thinktank/memory/candidate.py,hot://runs/EX-20260731T185740Z-main-5W2X/candidate_memory_v2/;${THINKTANK_PROJECT_ROOT}/tests/fixtures/candidate_memory_v1.jsonl;${THINKTANK_PROJECT_ROOT}/tests/test_candidate_memory.py,04_实验记录/EX-20260731T185740Z-main-5W2X_候选记忆标题字段V2向前兼容迁移预注册.md,DEC-20260731T182918Z-main-MXML,2026-07-31T18:57:40Z,2026-07-31T19:15:29Z,固定v1日志字节和硬编码head不变，程序与CLI拒绝旧写；v2强制标题、支持追加修订和混合版本召回，97/97测试通过且冻结manifest未变；仅L1工程迁移证据,建立按事件族隔离的未见召回封存集，首次评分前冻结来源、查询、qrels和参数，不继续调字段权重
EX-20260731T191713Z-main-AHS7,RD-20260731T090245Z-main-KLCN,completed,formal_completed,未见事件族封存召回基准,在5个全新中国官方事件族上，冻结BM25应通过召回、排序、跨族、长期性和零泄漏全部门槛，并显著胜过纯新近性,${THINKTANK_PROJECT_ROOT}/benchmarks/memory_recall_cn_holdout_v1/retrieval/benchmark_config.json;${THINKTANK_PROJECT_ROOT}/benchmarks/memory_recall_cn_holdout_v1/gold/holdout_protocol.json;${THINKTANK_PROJECT_ROOT}/benchmarks/memory_recall_cn_holdout_v1/seal_manifest.json;${THINKTANK_PROJECT_ROOT}/src/thinktank/memory/benchmark_v1.py,hot://runs/EX-20260731T191713Z-main-AHS7/retrieval_bundle_53docs/;hot://runs/EX-20260731T191713Z-main-AHS7/attempt_001/;hot://runs/EX-20260731T191713Z-main-AHS7/score_attempt_001/,04_实验记录/EX-20260731T191713Z-main-AHS7_未见事件族封存召回基准.md,DEC-20260731T182918Z-main-MXML;DEC-20260731T224543Z-main-7835,2026-07-31T19:17:13Z,2026-07-31T22:45:43Z,5族53篇15问148条qrels完成唯一封存运行；BM25 Recall@10为1.000且零未来/自身泄漏，但Top1困难负例率4/15高于20%上限，整体窄失败；4个强正例均在第2名,保留BM25候选生成；在新开发集验证信息单元去重、实体/设施消歧和关系重排，本封存集永久只读且不重跑
EX-20260731T225634Z-main-4PT7,RD-20260731T090245Z-main-KLCN,completed,development_smoke,候选记忆信息单元去重与实体消歧重排开发预注册,在BM25安全过滤后的短名单上，可信独立元数据可排除同信息单元、折叠重复候选并将显式错产品或错设施降级，同时不引入候选、不越权批准事实,${THINKTANK_PROJECT_ROOT}/src/thinktank/memory/rerank.py;${THINKTANK_PROJECT_ROOT}/config/schemas/candidate_rerank_metadata.schema.json;${THINKTANK_PROJECT_ROOT}/config/schemas/candidate_rerank_query.schema.json;${THINKTANK_PROJECT_ROOT}/tests/test_candidate_rerank.py,hot://runs/EX-20260731T225634Z-main-4PT7/candidate_rerank_v1/,04_实验记录/EX-20260731T225634Z-main-4PT7_候选记忆信息单元去重与实体消歧重排开发预注册.md,DEC-20260731T224543Z-main-7835,2026-07-31T22:56:34Z,2026-07-31T23:12:00Z,L1工程合同通过：可信sidecar的时间、payload、注册表和验证绑定生效；定向17+6、全量149+151、项目门禁和根seal复验均通过；未报告真实排序提升,新建L2预注册，先冻结非Gold sidecar来源、覆盖率、消融和负控；覆盖达标后才在独立开发集比较identity与verified_metadata_priority_v1
EX-20260731T231931Z-main-FBLD,RD-20260731T090245Z-main-KLCN,completed,development_smoke,候选后置重排非Gold元数据可物化性门禁,严格白名单投影器可以在不读取Gold的进程中复算可信sidecar覆盖；预计只足以支持精确副本去重，产品、设施或语义信息单元覆盖不足时必须在评分前停止,${THINKTANK_PROJECT_ROOT}/src/thinktank/memory/rerank_dev_gate.py;${THINKTANK_PROJECT_ROOT}/config/schemas/rerank_dev_coverage.schema.json;${THINKTANK_PROJECT_ROOT}/tests/test_rerank_dev_gate.py,hot://runs/EX-20260731T231931Z-main-FBLD/coverage_gate_v1/,04_实验记录/EX-20260731T231931Z-main-FBLD_候选后置重排非Gold元数据可物化性门禁.md,DEC-20260731T224543Z-main-7835;DEC-20260731T233700Z-main-ART8,2026-07-31T23:19:31Z,2026-07-31T23:35:12Z,净化packet与retrieval-only Top-20确定性复算完成；全部绑定率1.0，精确内容去重达13问/13对/3域，但产品与设施覆盖均为0、必需父链仅8/11；按门禁insufficient_coverage且qrels加载0次,新增revise决策：v1停止排序评分，精确副本去重单独保留；先建设独立类型注册表、角色化实体和可验证来源关系数据合同
EX-20260731T234150Z-main-G6KC,RD-20260731T090245Z-main-KLCN,completed,development_smoke,独立实体注册表与角色化提及数据合同预注册,确定性精确别名解析、稳定身份与文档角色分离、原文span/时间/证据/不可变快照逐层绑定，可以让唯一可信别名产生hard ID，而同名、未来、model候选和绑定漂移保持中性或失败关闭,${THINKTANK_PROJECT_ROOT}/src/thinktank/memory/entity_alias_resolver.py;${THINKTANK_PROJECT_ROOT}/config/schemas/entity_registry_snapshot.schema.json;${THINKTANK_PROJECT_ROOT}/config/schemas/entity_resolution_artifact.schema.json;${THINKTANK_PROJECT_ROOT}/tests/test_entity_alias_resolver.py,hot://runs/EX-20260731T234150Z-main-G6KC/entity_registry_v1/,04_实验记录/EX-20260731T234150Z-main-G6KC_独立实体注册表与角色化提及数据合同预注册.md,DEC-20260731T233700Z-main-ART8,2026-07-31T23:41:50Z,2026-08-01T00:08:45Z,L1合同通过：唯一可信精确别名可解析，同名、未来、model候选与绑定漂移安全中性或失败；定向17+10、全量174+163、项目门禁和正式seal复验均通过，但没有真实覆盖或排序证据,冻结独立实体来源、抽样与双审协议后另建真实覆盖门禁；90%查询、80%候选、95%精度及关键错误为0全部达线前不得驱动重排
EX-20260801T002038Z-main-JE6T,RD-20260731T090245Z-main-KLCN,active,candidate_collection,真实非Gold实体覆盖与双盲精度门禁,不使用Gold或已知错误选样的6周fresh observed-ingest材料，应在候选/查询分窗、机构域配额和R0-R6隔离下形成足够实体覆盖，并在未来双盲裁决上满足预注册精度,${THINKTANK_PROJECT_ROOT}/config/entity_coverage_cn_v1.protocol.json;${THINKTANK_PROJECT_ROOT}/config/entity_coverage_sources_cn_v1.json;${THINKTANK_PROJECT_ROOT}/src/thinktank/memory/entity_coverage_protocol.py;${THINKTANK_PROJECT_ROOT}/src/thinktank/memory/official_snapshot_capture.py;${THINKTANK_PROJECT_ROOT}/src/thinktank/memory/entity_coverage_fetch.py;${THINKTANK_PROJECT_ROOT}/src/thinktank/memory/entity_coverage_health.py;${THINKTANK_PROJECT_ROOT}/src/thinktank/storage_attestation.py;${THINKTANK_PROJECT_ROOT}/src/thinktank/memory/entity_coverage_anchor.py;${THINKTANK_PROJECT_ROOT}/src/thinktank/memory/entity_coverage_recovery.py;${THINKTANK_PROJECT_ROOT}/src/thinktank/review/entity_coverage_blind.py;${THINKTANK_PROJECT_ROOT}/src/thinktank/review/entity_coverage_scoring.py;${THINKTANK_PROJECT_ROOT}/scripts/Get-StorageStatus.ps1;${THINKTANK_PROJECT_ROOT}/scripts/Run-EntityCoverageCollection.ps1,hot://corpus/entity_coverage_cn_v1/input/;hot://corpus/entity_coverage_cn_v1/health/source-health-20260801T0210Z.json;archive://entity_coverage_cn_v1/anchors/provisional/ECV1-ANCHOR-20260801T024308Z-A3C6E630.json;backup://entity_coverage_cn_v1/anchors/provisional/ECV1-ANCHOR-20260801T024308Z-A3C6E630.json;archive://entity_coverage_cn_v1/objects/sha256/;backup://entity_coverage_cn_v1/objects/sha256/;hot://recovery_drills/ECV1-ANCHOR-20260801T024308Z-A3C6E630-20260801T032052Z/recovery_receipt.json;archive://entity_coverage_cn_v1/frozen_input/;archive://entity_coverage_cn_v1/sealed_review/,04_实验记录/EX-20260801T002038Z-main-JE6T_真实非Gold实体覆盖与双盲精度门禁.md,DEC-20260731T233700Z-main-ART8;DEC-20260731T092724Z-main-7MPL,2026-08-01T00:20:38Z,2026-08-01T03:30:34Z,候选窗247条终态、174条正文、12域和5类来源；421个对象已从归档与独立备份分别全量恢复且完整内容指纹一致，R0-R6执行器通过合成测试；但HDD为exFAT且查询为0，因此仍无Gold或精度结论,每日09:30继续采集；经用户批准后迁移HDD至NTFS/ReFS并生成durable锚；2026-09-12查询窗关闭且配额达标后再分配独立角色并启动正式双盲
EX-20260801T033654Z-main-UJ9G,RD-20260731T090245Z-main-KLCN,completed,smoke_passed,高智能分析上下文与条件假设合同预注册,当A与B均为当时可见且绑定外部确认复核哈希的候选记忆时，三层严格合同应能阻断未来泄漏、伪引用、无A/B支撑和事实/行动越权，并只封存可证伪的条件假设C,${THINKTANK_PROJECT_ROOT}/config/schemas/candidate_memory_record.schema.json;${THINKTANK_PROJECT_ROOT}/config/schemas/intelligence_context_packet.schema.json;${THINKTANK_PROJECT_ROOT}/config/schemas/conditional_analysis_draft.schema.json;${THINKTANK_PROJECT_ROOT}/config/schemas/conditional_analysis_receipt.schema.json;${THINKTANK_PROJECT_ROOT}/src/thinktank/memory/candidate.py;${THINKTANK_PROJECT_ROOT}/src/thinktank/analysis/context.py;${THINKTANK_PROJECT_ROOT}/tests/test_intelligence_analysis.py,${THINKTANK_PROJECT_ROOT}/tests/test_intelligence_analysis.py,04_实验记录/EX-20260801T033654Z-main-UJ9G_高智能分析上下文与条件假设合同预注册.md,DEC-20260731T163828Z-main-4RG9;DEC-20260731T182918Z-main-MXML,2026-08-01T03:36:54Z,2026-08-01T03:54:09Z,三份Schema、A-B构包/C封存CLI与13项专项负控通过；全项目249项测试通过。只证明L1结构、时间、引用和权限合同，不证明真实模型推断质量,另行预注册冻结真实中文A-B-C评测，验证引用忠实度、命中率、概率校准、提前量和反事实稳健性；未过线前不开放事实或行动权限
EX-20260801T035954Z-main-LAH3,RD-20260731T090245Z-main-KLCN,completed,smoke_passed,条件预测前瞻登记到期裁决与校准账本预注册,绑定完整C2收据的前瞻登记、追加哈希账本、时间状态机和最低样本门禁应能阻断后见之明、选择性登记、过早判负、静默改判与小样本校准窥探,${THINKTANK_PROJECT_ROOT}/config/schemas/forecast_registration.schema.json;${THINKTANK_PROJECT_ROOT}/config/schemas/forecast_resolution.schema.json;${THINKTANK_PROJECT_ROOT}/config/schemas/forecast_ledger_entry.schema.json;${THINKTANK_PROJECT_ROOT}/config/schemas/forecast_evaluation_report.schema.json;${THINKTANK_PROJECT_ROOT}/src/thinktank/analysis/context.py;${THINKTANK_PROJECT_ROOT}/src/thinktank/analysis/forecast.py;${THINKTANK_PROJECT_ROOT}/tests/test_forecast_ledger.py,${THINKTANK_PROJECT_ROOT}/tests/test_forecast_ledger.py,04_实验记录/EX-20260801T035954Z-main-LAH3_条件预测前瞻登记到期裁决与校准账本预注册.md,DEC-20260731T163828Z-main-4RG9;DEC-20260731T182918Z-main-MXML,2026-08-01T03:59:54Z,2026-08-01T04:20:01Z,四份Schema、前瞻登记、追加哈希账本、到期裁决、修订、时点回放与非泄漏校准报告已实现；12/12专项和261/261全项目测试通过，仅批准L1工程合同,把尚未知结局的真实C2收据完整加入前瞻队列；到期人工裁决，达到冻结样本门槛后才首次查看校准指标
EX-20260801T042620Z-main-VKK5,RD-20260731T090245Z-main-KLCN,completed,smoke_passed,预测账本双介质head锚定与可信时间边界预注册,按显式预期head复验C3账本并把账本字节、协议代码和Schema写一次复制到不同设备，可发现陈旧head、单副本篡改、同盘伪备份和协议漂移；v1必须固定不声称可信时间,${THINKTANK_PROJECT_ROOT}/config/schemas/forecast_anchor_receipt.schema.json;${THINKTANK_PROJECT_ROOT}/src/thinktank/analysis/forecast.py;${THINKTANK_PROJECT_ROOT}/src/thinktank/analysis/forecast_anchor.py;${THINKTANK_PROJECT_ROOT}/tests/test_forecast_anchor.py,${THINKTANK_PROJECT_ROOT}/tests/test_forecast_anchor.py,04_实验记录/EX-20260801T042620Z-main-VKK5_预测账本双介质head锚定与可信时间边界预注册.md,DEC-20260731T092724Z-main-7MPL,2026-08-01T04:26:20Z,2026-08-01T04:40:55Z,双介质内容寻址锚、原始存储证明重放、写一次收据和可信时间固定关闭已实现；13/13专项与274/274全项目测试通过，仅批准L1介质完整性合同,预注册独立时间见证；真实C3每次新head先生成provisional_media锚，但可信时间和NTFS/ReFS通过前不进入正式评分
EX-20260801T045044Z-main-N29K,RD-20260731T090245Z-main-KLCN,completed,smoke_passed,高智能条件分析无工具OMP运行与证据封存预注册,在不改变C2/C3 v1的前提下，单次零重试OMP运行和写一次执行封套应能阻断调用者自报model_run、格式修补、输出替换与协议漂移,${THINKTANK_PROJECT_ROOT}/config/prompts/conditional_analysis_v1.md;${THINKTANK_PROJECT_ROOT}/config/schemas/conditional_analysis_execution_receipt.schema.json;${THINKTANK_PROJECT_ROOT}/src/thinktank/analysis/runner.py;${THINKTANK_PROJECT_ROOT}/tests/test_intelligence_analysis_runner.py,${THINKTANK_PROJECT_ROOT}/tests/test_intelligence_analysis_runner.py,04_实验记录/EX-20260801T045044Z-main-N29K_高智能条件分析无工具OMP运行与证据封存预注册.md,DEC-20260731T092724Z-main-7MPL,2026-08-01T04:50:44Z,2026-08-01T05:06:59Z,单次无工具OMP执行封套、失败证据保留、确定性C2封印与逐对象复验已实现；22/22专项和296/296全项目测试通过，仅批准L1本机执行合同,预注册C3 v2使新登记强制绑定执行收据；再冻结真实中文A-B-C样本，用DeepSeek V4 Flash单次运行且不得格式修复
EX-20260801T051541Z-main-6DPX,RD-20260731T090245Z-main-KLCN,completed,smoke_passed,条件预测V2强制执行收据绑定与V1只读兼容预注册,独立C3 v2只从成功执行收据重读并复验packet和analysis，应能阻断手工分析、对象替换和协议混读，同时保持C3 v1字节与历史解释不变,${THINKTANK_PROJECT_ROOT}/config/schemas/forecast_registration_v2.schema.json;${THINKTANK_PROJECT_ROOT}/config/schemas/forecast_resolution_v2.schema.json;${THINKTANK_PROJECT_ROOT}/config/schemas/forecast_ledger_entry_v2.schema.json;${THINKTANK_PROJECT_ROOT}/config/schemas/forecast_evaluation_report_v2.schema.json;${THINKTANK_PROJECT_ROOT}/src/thinktank/analysis/forecast_v2.py,${THINKTANK_PROJECT_ROOT}/tests/test_forecast_ledger_v2.py,04_实验记录/EX-20260801T051541Z-main-6DPX_条件预测V2强制执行收据绑定与V1只读兼容预注册.md,DEC-20260731T092724Z-main-7MPL,2026-08-01T05:15:41Z,2026-08-01T05:35:34Z,五个v1文件哈希不变；C3 v2强制逐对象复验成功执行收据并拒绝v1/v2混读，20/20专项、45/45兼容回归和316/316全项目测试通过，仅批准L1工程合同,预注册并实现C4 v2，把v2账本及完整执行证据依赖形成可从双介质冻结副本独立重放的临时锚
EX-20260801T054126Z-main-RX8X,RD-20260731T090245Z-main-KLCN,completed,smoke_passed,预测账本V2执行依赖双介质锚定与冻结副本独立重放预注册,从已验证C3 v2账本自动发现并双写全部C2-E执行依赖，再从每个冻结副本重建隔离逻辑树，应能在原hot消失后完整重放指定head,${THINKTANK_PROJECT_ROOT}/config/schemas/forecast_anchor_receipt_v2.schema.json;${THINKTANK_PROJECT_ROOT}/src/thinktank/analysis/forecast_anchor_v2.py,${THINKTANK_PROJECT_ROOT}/tests/test_forecast_anchor_v2.py;${THINKTANK_PROJECT_ROOT}/docs/架构/预测账本V2执行依赖双介质锚定.md,04_实验记录/EX-20260801T054126Z-main-RX8X_预测账本V2执行依赖双介质锚定与冻结副本独立重放预注册.md,DEC-20260731T092724Z-main-7MPL,2026-08-01T05:41:26Z,2026-08-01T06:06:40Z,C4 v1哈希未变；C4 v2精确冻结账本、执行收据和15个执行工件，删除原hot后两侧各自重放通过；21/21专项与337/337全项目门禁通过，仅批准L1临时完整性锚,预注册独立时间见证合同；随后冻结真实结果未知的中文A-B-C首次调用，写入C3 v2并为每个新head创建C4 v2临时锚
EX-20260801T061733Z-main-J9D3,RD-20260731T090245Z-main-KLCN,completed,smoke_passed,RFC3161独立时间见证与逐预测前瞻资格合同预注册,独立TSA只签C4 v2主体摘要并冻结请求响应政策信任链和吊销证据，只有可信上界严格早于逐预测earliest_at时才授予前瞻资格,${THINKTANK_PROJECT_ROOT}/config/schemas/forecast_time_witness_request.schema.json;${THINKTANK_PROJECT_ROOT}/config/schemas/forecast_time_witness_receipt.schema.json;${THINKTANK_PROJECT_ROOT}/config/time_witness_profiles/;${THINKTANK_PROJECT_ROOT}/src/thinktank/analysis/forecast_time_witness.py,${THINKTANK_PROJECT_ROOT}/tests/test_forecast_time_witness.py;${THINKTANK_PROJECT_ROOT}/docs/架构/RFC3161独立时间见证与逐预测前瞻资格.md,04_实验记录/EX-20260801T061733Z-main-J9D3_RFC3161独立时间见证与逐预测前瞻资格合同预注册.md,DEC-20260731T092724Z-main-7MPL;DEC-20260801T072055Z-main-675B,2026-08-01T06:17:33Z,2026-08-01T07:20:55Z,C5时间见证协议、双介质离线复验和逐预测严格边界通过34/34专项与371/371全项目测试；DigiCert签名链和CRL通过但无数值accuracy，仅批准见证型,完成耐久介质迁移后，以限期Sectigo Profile见证结果未知的真实C3 v2 head；达到冻结样本门槛前不查看校准
EX-20260801T065051Z-main-DVL5,RD-20260731T090245Z-main-KLCN,completed,smoke_passed,Sectigo合格RFC3161时间见证供应商准入预注册,若唯一预注册合成摘要响应的签名链合格QC标记1秒精度和覆盖genTime的吊销证据均通过，则可建立限期approved_prospective固定Profile,${THINKTANK_PROJECT_ROOT}/config/time_witness_profiles/sectigo_qualified_rfc3161_2026_v1.json;${THINKTANK_PROJECT_ROOT}/src/thinktank/analysis/forecast_time_witness.py,${THINKTANK_PROJECT_ROOT}/tests/test_forecast_time_witness.py;${THINKTANK_PROJECT_ROOT}/tmp/c5-sectigo-qualified-observation/;${THINKTANK_PROJECT_ROOT}/docs/架构/RFC3161独立时间见证与逐预测前瞻资格.md,04_实验记录/EX-20260801T065051Z-main-DVL5_Sectigo合格RFC3161时间见证供应商准入预注册.md,DEC-20260731T092724Z-main-7MPL;DEC-20260801T072055Z-main-675B,2026-08-01T06:50:51Z,2026-08-01T07:20:55Z,唯一预注册POST返回1秒accuracy和合格QC标记，固定签名者、证书链与两级CRL离线复验通过；Profile限期到2026-11-01，仅批准L1前瞻见证候选,经用户批准迁移HDD到NTFS/ReFS并生成durable锚后才见证真实未知结局预测；Profile变化或到期必须重新准入
EX-20260801T073959Z-main-9SDA,RD-20260731T090245Z-main-KLCN,completed,smoke_passed,归档介质非破坏迁移执行器与双阶段授权预注册,冻结计划、用户限时只复制授权和完整树复验可以在保留exFAT源的前提下生成可重入的新归档副本，并阻断介质、路径、漂移、冲突和权限越界,${THINKTANK_PROJECT_ROOT}/migration/manifest.schema.json;${THINKTANK_PROJECT_ROOT}/config/schemas/archive_migration_plan.schema.json;${THINKTANK_PROJECT_ROOT}/config/schemas/archive_migration_approval.schema.json;${THINKTANK_PROJECT_ROOT}/config/schemas/archive_migration_receipt.schema.json;${THINKTANK_PROJECT_ROOT}/src/thinktank/archive_migration.py,${THINKTANK_PROJECT_ROOT}/tests/test_archive_migration.py;${THINKTANK_PROJECT_ROOT}/docs/迁移/迁移协议.md,04_实验记录/EX-20260801T073959Z-main-9SDA_归档介质非破坏迁移执行器与双阶段授权预注册.md,DEC-20260731T092724Z-main-7MPL;DEC-20260801T072055Z-main-675B,2026-08-01T07:39:59Z,2026-08-01T08:26:00Z,C6计划、用户最长24小时只复制授权、逐文件fsync/哈希/回读和完整树复验已实现；36项专项通过、1项因Windows符号链接权限跳过、408/408全项目通过；真实HDD未写入,等待用户选定空的独立NTFS/ReFS机械盘；先生成双证明和真实计划，用户核对后再限时授权copy，复验后恢复演练，映射切换另批批准且保留exFAT源
EX-20260801T084302Z-main-DX72,RD-20260731T090245Z-main-KLCN,completed,smoke_passed,官方来源发现可靠性门禁预注册,来源目录与发现快照账本的独立健康统计应能显示逐来源最近状态和连续失败，同时保持正文终态字段、协议阈值与事实权限不变,${THINKTANK_PROJECT_ROOT}/config/entity_coverage_cn_v1.protocol.json;${THINKTANK_PROJECT_ROOT}/config/entity_coverage_sources_cn_v1.json;${THINKTANK_PROJECT_ROOT}/src/thinktank/memory/entity_coverage_health.py,hot://runs/EX-20260801T084302Z-main-DX72/20260801T085027Z/source-health.json;hot://corpus/entity_coverage_cn_v1/health/source-health-20260801T085114Z.json;archive://entity_coverage_cn_v1/anchors/provisional/ECV1-ANCHOR-20260801T085149Z-9EB1EB29.json;backup://entity_coverage_cn_v1/anchors/provisional/ECV1-ANCHOR-20260801T085149Z-9EB1EB29.json,04_实验记录/EX-20260801T084302Z-main-DX72_官方来源发现可靠性门禁预注册.md,,2026-08-01T08:43:02Z,2026-08-01T09:12:30Z,295行回放命中14源、12成功、2失败及各2次连续失败的点预测；309行集成采集后两项失败各增至3次，12域5层仍ready但总体degraded；411/411项目门禁和双副本临时锚复验通过,每日保留全部发现终态；不绕WAF或TLS，任何URL/适配器修订另开预注册；按既定窗口等待查询采集和正式双盲冻结
EX-20260801T092110Z-main-ALNJ,RD-20260731T090245Z-main-KLCN,completed,smoke_passed,重点情报对象与官方渠道注册表预注册,独立不可变监控注册表应能用证据闭包、known_at和有效区间生成as-of渠道计划，并拒绝把未来任职、handle相似、个人账号或未验证渠道冒充机构正式发布,${THINKTANK_PROJECT_ROOT}/config/schemas/intelligence_watch_registry.schema.json;${THINKTANK_PROJECT_ROOT}/src/thinktank/intelligence/watch_registry.py;${THINKTANK_PROJECT_ROOT}/tests/test_intelligence_watch_registry.py,hot://intelligence/watch_registry_v1/,04_实验记录/EX-20260801T092110Z-main-ALNJ_重点情报对象与官方渠道注册表预注册.md,,2026-08-01T09:21:10Z,2026-08-01T09:59:20Z,14项专项与425项全库测试通过；首批7对象、1任职、7渠道、4关系、11证据封存，11/11快照验真；可信计划只启用5机构渠道和3关系，社交账号及TLS异常关系保持候选,让通用持续采集调度器只消费可信计划；社交渠道先取得稳定账号ID与合规API，候选关系保留断点
EX-20260801T100445Z-main-4ZYQ,RD-20260731T090245Z-main-KLCN,completed,smoke_passed,对象驱动持续采集调度器实验,只消费封存可信计划并把解析profile与身份注册表分离，应能为每个机构渠道生成唯一网络终态、快照和发现清单，同时拒绝候选社交请求、绑定漂移和网络安全降级,${THINKTANK_PROJECT_ROOT}/config/schemas/intelligence_collection_profiles.schema.json;${THINKTANK_PROJECT_ROOT}/config/intelligence/collection_profiles_seed_v1.json;${THINKTANK_PROJECT_ROOT}/src/thinktank/intelligence/collection_scheduler.py;${THINKTANK_PROJECT_ROOT}/tests/test_intelligence_collection_scheduler.py,hot://intelligence/collection_runs/v1/ICP-SEED-20260801T102330Z.fixture-verification.json;hot://intelligence/collection_runs/v1/C9-first-run-plan.json;hot://intelligence/collection_runs/v1/ICR-20260801T102500Z-BC75AF46D9/receipt.json;hot://intelligence/collection_runs/v1/ICR-20260801T102500Z-BC75AF46D9.verification-v3.json,04_实验记录/EX-20260801T100445Z-main-4ZYQ_对象驱动持续采集调度器预注册.md,,2026-08-01T10:04:45Z,2026-08-01T10:39:40Z,三层合同和20项专项测试通过；真实运行5/5终态、3/5成功、40条唯一官方链接，候选社交0请求。中国移动403、国资委严格TLS失败；首轮调度器自哈希缺口永久标记legacy_unbound，整批不可下游导入,另开版本处理中国移动403、国资委TLS、日期归一化和正文内容寻址；新运行计划必须绑定调度器哈希，不改写本次首次运行
EX-20260801T104617Z-main-U95B,RD-20260731T090245Z-main-KLCN,revise,integration_failed_closed,绑定调度器的列表复验与候选正文内容寻址,只有从顶层完整、调度器自绑定且可重放的C9结果按冻结顺序派生任务，并保存四类终态、完整SHA-256内容对象和来源谱系，少量官方候选才可形成可独立复验的候选正文资产,${THINKTANK_PROJECT_ROOT}/config/schemas/intelligence_document_batch.schema.json;${THINKTANK_PROJECT_ROOT}/config/schemas/intelligence_document_capture_receipt.schema.json;${THINKTANK_PROJECT_ROOT}/src/thinktank/intelligence/document_capture.py;${THINKTANK_PROJECT_ROOT}/tests/test_intelligence_document_capture.py,hot://intelligence/collection_runs/v1/;hot://intelligence/document_batches/v1/;hot://intelligence/document_runs/v1/;hot://intelligence/document_objects/v1/,04_实验记录/EX-20260801T104617Z-main-U95B_绑定调度器的列表复验与候选正文内容寻址.md,,2026-08-01T10:46:17Z,2026-08-01T12:08:00Z,C10合成29/29与全库474/474通过；新C9自绑定运行3/5成功、40条候选且完整性通过，但batch编译因C10错误要求C8正式Schema不存在的gold_loaded字段而在正文联网前失败关闭，正文请求0；冻结候选另见gov.cn与www.gov.cn精确主机不一致,另开C11，逐对象按正式Schema验权并冻结采集前精确允许主机集合；复用本轮只读C9证据，不重跑列表、不补抽URL
EX-20260801T120701Z-main-ZVRG,RD-20260731T090245Z-main-KLCN,completed,smoke_passed,真实上游Schema与精确允许主机集成修订,若逐对象重放正式Schema并把C9目录域策略与C8正文精确主机分层，则同一封存C9证据可确定性生成原6条任务，live抓取仍受精确主机、内容寻址、时间与权限门约束,${THINKTANK_PROJECT_ROOT}/config/schemas/intelligence_document_batch.schema.json;${THINKTANK_PROJECT_ROOT}/config/schemas/intelligence_document_capture_receipt.schema.json;${THINKTANK_PROJECT_ROOT}/config/schemas/intelligence_watch_registry.schema.json;${THINKTANK_PROJECT_ROOT}/config/entity_coverage_sources_cn_v1.json;${THINKTANK_PROJECT_ROOT}/src/thinktank/intelligence/document_capture.py;${THINKTANK_PROJECT_ROOT}/tests/test_intelligence_document_capture.py,hot://intelligence/collection_runs/v1/ICR-20260801T120024Z-2253AE16C3/;hot://intelligence/document_batches/v2/C11-document-batch-20260801T124510Z.json;hot://intelligence/document_runs/v2/C11-live-20260801T125233Z/;hot://intelligence/document_runs/v2/C11-live-20260801T125233Z.verification.json;hot://intelligence/document_objects/v1/,04_实验记录/EX-20260801T120701Z-main-ZVRG_真实上游Schema与精确允许主机集成修订.md,,2026-08-01T12:07:01Z,2026-08-01T13:10:49Z,C11以正式C8验证器、来源目录哈希和C8精确主机修复C10跨Schema误建模；31项专项加6组域负控、475项全库加186组子用例及独立代码审计通过。冻结6条唯一live烟测正好6请求0重试，6/6形成候选正文并通过固定回执、attempt、内容对象、正文与发布时间离线重放；模型、记忆和数据库写入全0，只是已见样本L1工程证据,不重跑本批；等待未来新C9运行产生未见URL后另开独立正文确认。通过前不写事实、长期记忆、行动或交易层；机械盘仍等待独立NTFS/ReFS目标与用户授权
EX-20260801T132307Z-main-3F7N,RD-20260731T090245Z-main-KLCN,completed,smoke_passed,候选正文对象化与模型前置隔离合同,若每次重放C11完整证据闭包并以规范URL、正文哈希和核验时间生成写一次候选文档包，则同一C11工件应按原顺序确定性产生6个权限全关的开发条目，任一漂移失败关闭,${THINKTANK_PROJECT_ROOT}/config/schemas/intelligence_candidate_document_packet.schema.json;${THINKTANK_PROJECT_ROOT}/src/thinktank/intelligence/candidate_document_packet.py;${THINKTANK_PROJECT_ROOT}/tests/test_intelligence_candidate_document_packet.py,hot://intelligence/candidate_document_packets/v1/C12-candidate-document-packet-20260801T134740Z.json;hot://intelligence/candidate_document_packets/v1/C12-candidate-document-packet-20260801T134740Z.verification.json,04_实验记录/EX-20260801T132307Z-main-3F7N_候选正文对象化与模型前置隔离合同.md,,2026-08-01T13:23:07Z,2026-08-01T14:04:54Z,C12把C11的6份已见正文按原顺序封装成一个写一次候选文档包；正文仅以内容寻址引用，17项专项与493项全项目门禁通过，模型、记忆、数据库、事实、行动和交易权限全部关闭,状态保持observe；等待未来新C9产生未见URL并完成独立正文确认后，再另开DeepSeek V4 Flash单次零重试候选抽取实验
EX-20260801T142253Z-main-2KTE,RD-20260731T090245Z-main-KLCN,completed,smoke_passed,低成本候选抽取受控执行与失败留痕合同,若只接受严格合成输入，显式冻结DeepSeek V4 Flash、thinking high和一次零重试策略，并把输入、协议、OMP身份、事件、原文、候选与收据写一次封存，则唯一真实合成调用无论成功失败都应形成不可扩权的可重放L1证据,${THINKTANK_PROJECT_ROOT}/config/schemas/candidate_extraction_execution_plan.schema.json;${THINKTANK_PROJECT_ROOT}/config/schemas/candidate_extraction_execution_receipt.schema.json;${THINKTANK_PROJECT_ROOT}/benchmarks/news_extract_v0/prompt_v0.3.md;${THINKTANK_PROJECT_ROOT}/config/schemas/news_extraction.schema.json;${THINKTANK_PROJECT_ROOT}/src/thinktank/intelligence/candidate_extraction_runner.py;${THINKTANK_PROJECT_ROOT}/tests/test_intelligence_candidate_extraction_runner.py;${THINKTANK_PROJECT_ROOT}/tests/fixtures/candidate_extraction_synthetic_v1.json,hot://intelligence/candidate_extraction_plans/v1/CERUN-20260801T150913Z-3B39011C.json;hot://intelligence/candidate_extraction_runs/v1/CERUN-20260801T150913Z-3B39011C/execution_receipt.json,04_实验记录/EX-20260801T142253Z-main-2KTE_低成本候选抽取受控执行与失败留痕合同.md,,2026-08-01T14:22:53Z,2026-08-01T15:16:32Z,C13固定合成输入、一次调用零重试和失败留证合同通过；唯一DeepSeek运行正常退出但因5个assistant终态及解释性JSON围栏被权威判定失败，无解析候选或下游写入,不重试或改写C13；另开合成协议实验解释OMP事件语义和唯一JSON约束，真实新闻仍等待未来未见URL独立确认
EX-20260801T155629Z-main-NDDW,RD-20260731T090245Z-main-KLCN,draft,preregistered,OMP隔离环境单回合计数与唯一JSON合同修订,若以空用户目录、环境允许名单和OMP SDK显式零工具配置发送与C13字节相同的完整user消息，则唯一运行应形成恰好一个assistant请求、零工具调用的可重放证据；唯一JSON和候选语义作为独立门禁,${THINKTANK_PROJECT_ROOT}/config/schemas/candidate_extraction_isolated_execution_plan.schema.json;${THINKTANK_PROJECT_ROOT}/config/schemas/candidate_extraction_isolated_execution_receipt.schema.json;${THINKTANK_PROJECT_ROOT}/benchmarks/news_extract_v0/prompt_v0.3.md;${THINKTANK_PROJECT_ROOT}/config/schemas/news_extraction.schema.json;${THINKTANK_PROJECT_ROOT}/tests/fixtures/candidate_extraction_synthetic_v1.json;${THINKTANK_PROJECT_ROOT}/src/thinktank/intelligence/candidate_extraction_isolated_runner.py;${THINKTANK_PROJECT_ROOT}/src/thinktank/intelligence/candidate_extraction_omp_sdk_adapter.ts;${THINKTANK_PROJECT_ROOT}/tests/test_intelligence_candidate_extraction_isolated_runner.py,,04_实验记录/EX-20260801T155629Z-main-NDDW_OMP隔离环境单回合计数与唯一JSON合同修订.md,,2026-08-01T15:56:29Z,2026-08-01T16:50:40Z,C14实现和零模型严格环境探针已完成：SDK四份工具清单全空，MCP、扩展、LSP均为0；专项9/9通过，正式模型调用尚未执行,先做C14B独立放行审计和全库门禁；全部通过后编译唯一写一次计划并只执行一次固定合成运行，失败不重试
EX-20260803T015645Z-main-2ALH,RD-20260731T090245Z-main-KLCN,active,preregistered,中文官方事件链关系感知候选重排V2非Gold开发门禁预注册,若实体与关系输入只能从Gold-free允许清单物化、先封存关系提议，再经独立双审裁决和只读计分，则覆盖或隔离不足应在效果评分前确定性停止,${THINKTANK_PROJECT_ROOT}/config/relationship_rerank_v2_preregistration.json;${THINKTANK_PROJECT_ROOT}/config/schemas/relationship_rerank_v2_preregistration.schema.json;${THINKTANK_PROJECT_ROOT}/config/schemas/relationship_rerank_v2_preregistration_status.schema.json;${THINKTANK_PROJECT_ROOT}/src/thinktank/memory/relationship_rerank_preregistration.py;${THINKTANK_PROJECT_ROOT}/scripts/Get-ThinkTankRelationshipRerankPreregistrationStatus.ps1;${THINKTANK_PROJECT_ROOT}/tests/test_relationship_rerank_preregistration.py,,04_实验记录/EX-20260803T015645Z-main-2ALH_中文官方事件链关系感知候选重排V2非Gold开发门禁预注册.md,DEC-20260731T224543Z-main-7835;DEC-20260731T233700Z-main-ART8,2026-08-03T01:56:45Z,2026-08-03T02:13:34Z,关系重排V2的机器预注册已建立，但执行固定关闭；AHS7只作已见诊断，空关系集、Gold自报隔离和角色混用都不能通过,继续JE6T采集和归档介质门禁；达到实体、关系双盲和实现封存条件后另发激活Profile，随后另建全新事件族确认性EX
EX-20260803T040325Z-main-W4BY,RD-20260707T135354Z-main-WUFU,completed,completed_observe_baseline_quality_revised,五福冻结策略2026年7月月度体检,冻结实盘同源配置从2020年连续跑至2026年7月，先用历史前缀识别口径失真，再完整描述月内收益、回撤、持仓与固定早卖时点,scripts/run_wufu_v52.py;src/quant_n3/strategies/wufu/run.py;src/quant_n3/strategies/wufu/strategy.py;scripts/analyze_wufu_monthly_review.py,results/wufu_v52/research/RD-20260707T135354Z-main-WUFU/EX-20260803T040325Z-main-W4BY/,04_实验记录/EX-20260803T040325Z-main-W4BY_五福冻结策略2026年7月月度体检.md,DEC-20260803T061025Z-main-7BLW,2026-08-03T04:03:25Z,2026-08-03T06:10:25Z,点时修复后7月收益3.3393%、最大回撤8.3692%；旧52Z7因未来拆分改写历史成交量而降级，当前双结束日公共前缀完全一致,实盘不改；先冻结点时一致的全区间A，旧候选只按用户优先级逐个复核，单月早卖观察不动作化
EX-20260803T063907Z-main-L94T,RD-20260707T135354Z-main-WUFU,completed,completed_engineering_audit_revise,五福公司行为全链路防复发审计,扫描候选事件、真实持仓曝险、双账与回滚边界和跨结束日不变性，确认旧修复是否真正进入当前受控路径,src/quant_n3/execution/corporate_action_calendar.py;src/quant_n3/execution/corporate_actions.py;src/quant_n3/strategy_api/cached_data_portal.py;src/quant_n3/strategy_api/jq_bridge.py;src/quant_n3/backtest/engine.py;src/quant_n3/strategies/wufu/run.py;scripts/audit_wufu_corporate_actions.py,results/wufu_v52/research/RD-20260707T135354Z-main-WUFU/EX-20260803T063907Z-main-L94T/,04_实验记录/EX-20260803T063907Z-main-L94T_五福公司行为全链路防复发审计.md,DEC-20260803T073805Z-main-MBVD,2026-08-03T06:39:07Z,2026-08-03T07:38:06Z,552个标的生成296个事件，W4BY真实持仓曝险0，跨结束日零差异；已支持路径回归通过，但现金、未知与零碎份额仍保持失败关闭,继续冻结点时全区间A；每次保存日历哈希并按真实持仓曝险复核，0曝险不扩建平台，命中风险再做单事件最小补充
EX-20260803T080452Z-main-4EWH,RD-20260707T135354Z-main-WUFU,completed,formal_completed,五福公司行为逐日增量账户闭环修复,公司行为只在当天对实际持仓点查并闭合现金与份额，可删除未来区间预扫,scripts/run_wufu_v52.py;src/quant_n3/execution/corporate_action_calendar.py;src/quant_n3/execution/corporate_actions.py;src/quant_n3/strategy_api/cached_data_portal.py;src/quant_n3/backtest/engine.py,results/wufu_v52/research/RD-20260707T135354Z-main-WUFU/EX-20260803T080452Z-main-4EWH/smoke/result.json;results/wufu_v52/research/RD-20260707T135354Z-main-WUFU/EX-20260803T080452Z-main-4EWH/formal/result.json;results/wufu_v52/research/RD-20260707T135354Z-main-WUFU/EX-20260803T080452Z-main-4EWH/formal/run.log;results/wufu_v52/research/RD-20260707T135354Z-main-WUFU/EX-20260803T080452Z-main-4EWH/formal/performance_recheck.json;results/wufu_v52/research/RD-20260707T135354Z-main-WUFU/EX-20260803T080452Z-main-4EWH/formal/performance_recheck.log,04_实验记录/EX-20260803T080452Z-main-4EWH_五福公司行为逐日增量账户闭环修复.md,DEC-20260803T085954Z-main-MH8V,2026-08-03T08:04:52Z,2026-08-03T09:43:19Z,正式入口不预扫未来，22日仅21次单持仓检查且0数据缺口；性能复核定位重复日线质量门，月度核心耗时约43.0秒降至27.1秒，主178与冻结181项回归通过且结果不变,回到策略改进回测；真实持仓自然命中事件时复核，不恢复全区间预扫
EX-20260803T113822Z-main-J8TU,RD-20260707T135354Z-main-WUFU,completed,formal_completed_reproduction_passed,五福冻结策略2026年7月重复回测与公司行为回归确认,公司行为逐日增量闭环只改变读取方式与审计信息，不改变冻结五福截至2026年7月31日的交易与资产路径,scripts/run_wufu_v52.py;src/quant_n3/strategies/wufu/run.py;src/quant_n3/strategies/wufu/strategy.py;src/quant_n3/execution/corporate_action_calendar.py;src/quant_n3/execution/corporate_actions.py;scripts/analyze_wufu_monthly_review.py,results/wufu_v52/research/RD-20260707T135354Z-main-WUFU/EX-20260803T113822Z-main-J8TU/,04_实验记录/EX-20260803T113822Z-main-J8TU_五福冻结策略2026年7月重复回测与公司行为回归确认.md,,2026-08-03T11:38:22Z,2026-08-03T12:16:39Z,1594日权益零差且四类策略记录哈希全等；7月收益3.3393%、最大回撤8.3692%，公司行为逐日只查实际持仓且0缺口、无未来预扫描,以J8TU作为当前全区间A行为对照；另建预注册EX研究防守空仓或早卖，实盘不改
EX-20260803T133531Z-main-X6LP,RD-20260707T135354Z-main-WUFU,completed,diagnostic_completed_no_rule_passed,五福旧仓早盘相对弱势四方案诊断,若旧仓早盘相对冻结候选池显著走弱，则固定09:40或10:00提前退出应同时通过覆盖、净改善、胜率、年度、去尾和置换门,scripts/analyze_wufu_early_exit_candidates.py,results/wufu_v52/research/RD-20260707T135354Z-main-WUFU/EX-20260803T133531Z-main-X6LP/,04_实验记录/EX-20260803T133531Z-main-X6LP_五福旧仓早盘相对弱势四方案诊断.md,DEC-20260803T135218Z-main-8KSC,2026-08-03T13:35:31Z,2026-08-03T13:52:23Z,S1、S2、S4明确失败；S3有分组信息但4bps净均值5.861bps、胜率51.72%未过动作门，不改策略或实盘,S3只在未来新交易日记录只读字段；不做完整A/B或阈值扫描，S5/S6等待真实数据
EX-20260803T140458Z-main-E8NR,RD-20260707T135354Z-main-WUFU,completed,diagnostic_completed_no_extension_passed,五福S3池广度走弱机制分解与结构扩展,若S3来自系统性共同走弱而非旧仓相对落后，则共同走弱、广度下穿、全池无红盘或固定A股宽基确认中的结构条件应同时提高绝对早卖价值和S3内增量,scripts/analyze_wufu_s3_mechanism_extensions.py,results/wufu_v52/research/RD-20260707T135354Z-main-WUFU/EX-20260803T140458Z-main-E8NR/,04_实验记录/EX-20260803T140458Z-main-E8NR_五福S3池广度走弱机制分解与结构扩展.md,DEC-20260803T141606Z-main-ALTZ,2026-08-03T14:04:58Z,2026-08-03T14:16:06Z,S3主要改善后来真实退出的持续下跌日；E1至E4均未过全部门，S3只确认为粗粒度风险标签，不改策略或实盘,不实现四个扩展；如继续优先，另建10:00点时原策略暂定排名与保留判断只读实验
EX-20260804T000804Z-main-VN7H,RD-20260707T135354Z-main-WUFU,completed,diagnostic_completed_primary_rule_failed,五福10点旧仓暴露保留价值诊断,若10:00按原策略同源规则得到的完整暂定目标已不是旧仓，则10:01释放旧仓并在13:10按原策略买新目标或买回旧仓应具有稳定净改善,scripts/analyze_wufu_old_exposure_value.py,results/wufu_v52/research/RD-20260707T135354Z-main-WUFU/EX-20260804T000804Z-main-VN7H/,04_实验记录/EX-20260804T000804Z-main-VN7H_五福10点旧仓暴露保留价值诊断.md,DEC-20260803T141606Z-main-ALTZ;DEC-20260804T005035Z-main-KMNL,2026-08-04T00:08:04Z,2026-08-04T00:50:35Z,10点同源暂定释放1054例的4bps均值-10.127bps、胜率46.11%，即使下午实际换仓或13:10买回也都没有正优势,关闭10点同源排名和过滤早卖路线；保持13:10与实盘不变，等待独立真实点时数据
EX-20260804T011240Z-main-ADE6,RD-20260707T135354Z-main-WUFU,completed,diagnostic_completed_no_candidate_passed,五福10点旧仓早卖组合过滤与R²诊断,若市场与旧仓共同下跌时再叠加旧仓硬过滤、非量比价格结构、R²或综合分失效，则10点早卖行为胜率和经济改善应高于原S3,scripts/analyze_wufu_early_exit_combinations.py,results/wufu_v52/research/RD-20260707T135354Z-main-WUFU/EX-20260804T011240Z-main-ADE6/,04_实验记录/EX-20260804T011240Z-main-ADE6_五福10点旧仓早卖组合过滤与R²诊断.md,DEC-20260804T005035Z-main-KMNL;DEC-20260804T012740Z-main-DZTM;DEC-20260804T014550Z-main-85H7,2026-08-04T01:12:40Z,2026-08-04T01:45:50Z,6项未过旧多门标准；positive_rate实际是成本后行为胜率，R3和E2均为66.67%，包括13:10买回仍避跌的胜利,按用户修订目标恢复E2与R3完整连续A/B；实盘不改
"EX-20260804T014550Z-main-E52Y","RD-20260707T135354Z-main-WUFU","active","preregistered","五福E2与R3十点早卖回补连续AB","若E2或R3在10点触发后10:01卖出并于13:10按原策略买目标或买回旧仓，则成本后行为胜率应超过55%且完整账户收益回撤不劣于A","scripts/run_wufu_v52.py;configs/research/wufu_e2_r3_early_exit_rebuy_ab.json","results/wufu_v52/research/RD-20260707T135354Z-main-WUFU/EX-20260804T014550Z-main-E52Y/","04_实验记录/EX-20260804T014550Z-main-E52Y_五福E2与R3十点早卖回补连续AB.md","DEC-20260804T014550Z-main-85H7","2026-08-04T01:45:50Z","2026-08-04T01:45:50Z","只验证A原策略、B-E2和C-R3；买回旧仓仍按成本后避跌计为胜利，行为胜率为主门","实现运行时点时信号和虚拟旧仓保留语义，通过smoke后运行可视化分年A/B"
EX-20260804T014045Z-main-TY9K,RD-20260707T135354Z-main-WUFU,completed,exploratory_diagnostic_negative_monitoring_candidates_rejected,五福旧仓盘中暴露持续监控方向系统性探索,若旧仓价格、池中位、原策略分数在10:00/10:30/11:00的持续演化能预测13:10换仓，则持续确认早卖应通过经济改善与胜率门,tmp/explore_intraday_monitoring/explore_persistence2.py;tmp/explore_intraday_monitoring/explore_s3_persist.py;tmp/explore_intraday_monitoring/explore_path_shape.py;tmp/explore_intraday_monitoring/explore_score_traj2.py;tmp/explore_intraday_monitoring/verify_score_drop.py,tmp/explore_intraday_monitoring/explore_persistence2_out.csv;tmp/explore_intraday_monitoring/explore_s3_persist_out.csv;tmp/explore_intraday_monitoring/explore_score_traj2_out.csv;tmp/explore_intraday_monitoring/verify_score_drop_out.csv,04_实验记录/EX-20260804T014045Z-main-TY9K_五福旧仓盘中暴露持续监控方向系统性探索.md,,2026-08-04T01:40:45Z,2026-08-04T01:40:45Z,五个持续监控方向（价格续跌、S3池中位持续、原策略分数恶化、距止损线、路径形态）在严格点时语义下全部负期望或不足动作；分数恶化伪影（确认时点错位）被识别修正；路径形态显示退出/保留两组几乎不可分,停止持续监控时点/阈值/组合扫描；13:10逻辑与实盘不改；剩余方向为独立数据源（IOPV/盘口）与事件级组合风控
